code,numeric_code,our_name,yahoo_name,similarity,category,normalized_ours,normalized_yahoo
1TECH,03041,"Onetech Solutions Holdings Berhad","1TECH",19,MISMATCH,"ONETECH SOLUTIONS BHD","1TECH"
3A,0012,"Three-A Resources Berhad","3A",5,MISMATCH,"THREE A RESOURCES BHD","3A"
3REN,0328,"3REN Berhad","3REN",50,MISMATCH,"3REN BHD","3REN"
99SMART,5326,"99 Speed Mart Retail Holdings Berhad","99SMART",29,MISMATCH,"99 SPEED MART RETAIL BHD","99SMART"
A1AKK,0365,"A1 A.K. Koh Group Berhad","A1AKK",36,MISMATCH,"A1 A K KOH BHD","A1AKK"
AAX,5238,"AirAsia X Berhad","AAX",23,MISMATCH,"AIRASIA X BHD","AAX"
ABLEGLOB,7167,"Able Global Berhad","ABLEGLOB",53,MISMATCH,"ABLE GLOBAL BHD","ABLEGLOB"
ABLEGRP,7086,"AbleGroup Berhad","ABLEGRP",50,MISMATCH,"ABLE BHD","ABLEGRP"
ABMB,2488,"Alliance Bank Malaysia Berhad","ABMB",15,MISMATCH,"ALLIANCE BANK MALAYSIA BHD","ABMB"
ACME,7131,"ACME Holdings Berhad","ACME",50,MISMATCH,"ACME BHD","ACME"
ACO,0218,"ACO Group Berhad","ACO",43,MISMATCH,"ACO BHD","ACO"
ADB,0276,"Autocount Dotcom Berhad","ADB",15,MISMATCH,"AUTOCOUNT DOTCOM BHD","ADB"
ADVCON,5281,"Advancecon Holdings Berhad","ADVCON",43,MISMATCH,"ADVANCECON BHD","ADVCON"
ADVENTA,7191,"Adventa Berhad","ADVENTA",64,MISMATCH,"ADVENTA BHD","ADVENTA"
ADVPKG,9148,"Advance Packaging Group Berhad","GBAY",10,MISMATCH,"ADVANCE PACKAGING BHD","GBAY"
AEM,7146,"AE Multi Holdings Berhad","AEM",25,MISMATCH,"AE MULTI BHD","AEM"
AEMULUS,0181,"Aemulus Holdings Berhad","AEMULUS",64,MISMATCH,"AEMULUS BHD","AEMULUS"
AEON,6599,"Aeon Co. (M) Bhd","AEON",36,MISMATCH,"AEON CO BHD","AEON"
AEONCR,5139,"AEON Credit Service","AEONCR",32,MISMATCH,"AEON CREDIT SERVICE","AEONCR"
AFFIN,5185,"AFFIN Bank Berhad","AFFIN",36,MISMATCH,"AFFIN BANK BHD","AFFIN"
AFUJIYA,5198,"ABM Fujiya Berhad","AFUJIYA",50,MISMATCH,"ABM FUJIYA BHD","AFUJIYA"
AGES,7145,"Ages International Holdings Berhad","TXCD",15,MISMATCH,"AGES INTL BHD","TXCD"
AGMO,0258,"AGMO Holdings Berhad","AGMO",50,MISMATCH,"AGMO BHD","AGMO"
AGRICOR,0309,"Agricore CS Holdings Berhad","AGRICOR",47,MISMATCH,"AGRICORE CS BHD","AGRICOR"
AGX,0299,"AGX Group Berhad","AGX",43,MISMATCH,"AGX BHD","AGX"
AHB,7315,"AHB Holdings Berhad","AHB",43,MISMATCH,"AHB BHD","AHB"
AHEALTH,7090,"Apex Healthcare Berhad","AHEALTH",37,MISMATCH,"APEX HEALTHCARE BHD","AHEALTH"
AIM,0122,"Advance Information Marketing Berhad","AIM",9,MISMATCH,"ADVANCE INFORMATION MARKETING BHD","AIM"
AIMFLEX,0209,"Aimflex Berhad","AIMFLEX",64,MISMATCH,"AIMFLEX BHD","AIMFLEX"
AIZO,7219,"Aizo Group Berhad","AIZO",50,MISMATCH,"AIZO BHD","AIZO"
AJI,2658,"Ajinomoto (Malaysia) Berhad","AJI",23,MISMATCH,"AJINOMOTO BHD","AJI"
AJIYA,7609,"Ajiya Berhad","AJIYA",56,MISMATCH,"AJIYA BHD","AJIYA"
AKMSB,0291,"AKM Services Berhad","CHB",13,MISMATCH,"AKM SERVICES BHD","CHB"
ALAM,5115,"Alam Maritim Resources Berhad","ALAM",15,MISMATCH,"ALAM MARITIM RESOURCES BHD","ALAM"
ALAQAR,5116,"Al-'Aqar Healthcare REIT","ALAQAR",26,MISMATCH,"AL AQAR HEALTHCARE REIT","ALAQAR"
ALCOM,2674,"Alcom Group Berhad","ALCOM",56,MISMATCH,"ALCOM BHD","ALCOM"
ALLIANZ,1163,"Allianz Malaysia Berhad","ALLIANZ",35,MISMATCH,"ALLIANZ MALAYSIA BHD","ALLIANZ"
ALPHA,0303,"Alpha IVF Group Berhad","ALPHA",38,MISMATCH,"ALPHA IVF BHD","ALPHA"
ALRICH,0079,"Aldrich Resources Berhad","ALRICH",29,MISMATCH,"ALDRICH RESOURCES BHD","ALRICH"
ALSREIT,5269,"Al-Salam Real Estate Investment Trust","ALSREIT",19,MISMATCH,"AL SALAM REAL ESTATE INVESTMENT TRUST","ALSREIT"
AMBANK,1015,"AMMB Holdings Berhad","AMBANK",38,MISMATCH,"AMMB BHD","AMBANK"
AME,5293,"AME Elite Consortium Berhad","AME",13,MISMATCH,"AME ELITE CONSORTIUM BHD","AME"
AMEDIA,0159,"Asia Media Group Berhad","MMM",7,MISMATCH,"ASIA MEDIA BHD","MMM"
AMEREIT,5307,"AME Real Estate Investment Trust","AMEREIT",22,MISMATCH,"AME REAL ESTATE INVESTMENT TRUST","AMEREIT"
AMLEX,03011,"Amlex Holdings Berhad","AMLEX",56,MISMATCH,"AMLEX BHD","AMLEX"
AMTEL,7031,"Amtel Holdings Berhad","AMTEL",56,MISMATCH,"AMTEL BHD","AMTEL"
AMWAY,6351,"Amway (Malaysia) Holdings Berhad","AMWAY",56,MISMATCH,"AMWAY BHD","AMWAY"
ANALABS,7083,"Analabs Resources","ANALABS",41,MISMATCH,"ANALABS RESOURCES","ANALABS"
ANCOMLB,0048,"Ancom Logistics Berhad","ANCOMLB",37,MISMATCH,"ANCOM LOGISTICS BHD","ANCOMLB"
ANCOMNY,4758,"Ancom Nylex Berhad","ANCOMNY",47,MISMATCH,"ANCOM NYLEX BHD","ANCOMNY"
ANEKA,0226,"Aneka Jaringan Holdings Berhad","ANEKA",28,MISMATCH,"ANEKA JARINGAN BHD","ANEKA"
ANNJOO,6556,"Ann Joo Resources Berhad","ANNJOO",29,MISMATCH,"ANN JOO RESOURCES BHD","ANNJOO"
AORB,0377,"Alpha Ocean Resources Berhad","POWER",16,MISMATCH,"ALPHA OCEAN RESOURCES BHD","POWER"
APB,5568,"APB Resources Berhad","APB",18,MISMATCH,"APB RESOURCES BHD","APB"
APEX,5088,"Apex Equity Holdings Berhad","APEX",27,MISMATCH,"APEX EQUITY BHD","APEX"
APM,5015,"APM Automotive Holdings Berhad","APM",17,MISMATCH,"APM AUTOMOTIVE BHD","APM"
APOLLO,6432,"Apollo Food Holdings","APOLLO",55,MISMATCH,"APOLLO FOOD","APOLLO"
APPASIA,0119,"AppAsia Berhad","APPASIA",64,MISMATCH,"APPASIA BHD","APPASIA"
AQUAWALK,0380,"Aquawalk Group Berhad","AQUAWALK",67,MISMATCH,"AQUAWALK BHD","AQUAWALK"
ARANK,7214,"Arank Industries","ARANK",31,MISMATCH,"ARANK INDUSTRIES","ARANK"
ARBB,7181,"ARB Berhad","ARBB",57,MISMATCH,"ARB BHD","ARBB"
ARK,7007,"Ark Resources Holdings Berhad","ARK",18,MISMATCH,"ARK RESOURCES BHD","ARK"
ARKA,7218,"Arka Berhad","ARKA",50,MISMATCH,"ARKA BHD","ARKA"
ARMADA,5210,"Bumi Armada Berhad","ARMADA",40,MISMATCH,"BUMI ARMADA BHD","ARMADA"
ARTRONIQ,0038,"Artroniq Berhad","ARTRONIQ",67,MISMATCH,"ARTRONIQ BHD","ARTRONIQ"
ASB,1481,"Advance Synergy Berhad","ASB",16,MISMATCH,"ADVANCE SYNERGY BHD","ASB"
ASDION,0068,"Asdion Berhad","ASDION",60,MISMATCH,"ASDION BHD","ASDION"
ASIABRN,7203,"Asia Brands Berhad","WANGZNG",13,MISMATCH,"ASIA BRANDS BHD","WANGZNG"
ASIAFLE,7129,"Asia File Corporation Berhad","ASIAFLE",39,MISMATCH,"ASIA FILE CORP BHD","ASIAFLE"
ASIAPAC,0361,"Asia Pacific Higher Learning Sdn Bhd","PMIBHD",11,MISMATCH,"ASIA PACIFIC HIGHER LEARNING","PMIBHD"
ASIAPLY,0105,"Asiaply Berhad","ASIAPLY",64,MISMATCH,"ASIAPLY BHD","ASIAPLY"
ASM,0362,"ASM Automation Group Berhad","ASM",17,MISMATCH,"ASM AUTOMATION BHD","ASM"
ASTEEL,7020,"Amalgamated Steel Mills Berhad","ASTEEL",22,MISMATCH,"AMALGAMATED STEEL MILLS BHD","ASTEEL"
ASTINO,7162,"Astino Berhad","ASTINO",60,MISMATCH,"ASTINO BHD","ASTINO"
ASTRO,6399,"Astro Malaysia","ASTRO",36,MISMATCH,"ASTRO MALAYSIA","ASTRO"
ATAIMS,8176,"ATA IMS Berhad","WAVEFRNT",9,MISMATCH,"ATA IMS BHD","WAVEFRNT"
ATECH,0216,"Aurelius Technologies Berhad","SPRING",16,MISMATCH,"AURELIUS TECHNOLOGIES BHD","SPRING"
ATLAN,7048,"Atlan Holdings Bhd","ATLAN",56,MISMATCH,"ATLAN BHD","ATLAN"
ATRIUM,5130,"Atrium Real Estate Investment Trust","ATRIUM",17,MISMATCH,"ATRIUM REAL ESTATE INVESTMENT TRUST","ATRIUM"
AUMAS,0246,"AuMas Resources Berhad","CNERGEN",16,MISMATCH,"AUMAS RESOURCES BHD","CNERGEN"
AUMAS2,0098,"Aumas-Visi Berhad","AUMAS",36,MISMATCH,"AUMAS VISI BHD","AUMAS"
AURO,5025,"Auro Holdings Berhad","AURO",50,MISMATCH,"AURO BHD","AURO"
AUTORIS,03059,"Autoris Group Holdings Berhad","AUTORIS",64,MISMATCH,"AUTORIS BHD","AUTORIS"
AVALAND,5182,"Avaland Berhad","AVALAND",64,MISMATCH,"AVALAND BHD","AVALAND"
AVANGAAD,5259,"Avangaad Berhad","AVANGAAD",67,MISMATCH,"AVANGAAD BHD","AVANGAAD"
AVI,8885,"Avillion Berhad","AVI",25,MISMATCH,"AVILLION BHD","AVI"
AWANTEC,5204,"Awanbiru Technology Berhad","AWANTEC",30,MISMATCH,"AWANBIRU TECHNOLOGY BHD","AWANTEC"
AWC,7579,"AWC Berhad","AWC",43,MISMATCH,"AWC BHD","AWC"
AXIATA,6888,"Axiata Group Berhad","AXIATA",60,MISMATCH,"AXIATA BHD","AXIATA"
AXREIT,5106,"Axis Real Estate Investment Trust","AXREIT",18,MISMATCH,"AXIS REAL ESTATE INVESTMENT TRUST","AXREIT"
AXTERIA,7120,"Axteria Group Berhad","AXTERIA",64,MISMATCH,"AXTERIA BHD","AXTERIA"
AYER,2305,"AYER Holdings Berhad","AYER",50,MISMATCH,"AYER BHD","AYER"
AYS,5021,"AYS Ventures Berhad","AYS",19,MISMATCH,"AYS VENTURES BHD","AYS"
AZAMJAYA,5329,"Azam Jaya Berhad","AZAMJAYA",62,MISMATCH,"AZAM JAYA BHD","AZAMJAYA"
AZRB,7078,"Ahmad Zaki Resources Berhad","AZRB",17,MISMATCH,"AHMAD ZAKI RESOURCES BHD","AZRB"
BABA,03012,"Baba Eco Group Berhad","BABA",33,MISMATCH,"BABA ECO BHD","BABA"
BAT,4162,"British American Tobacco (Malaysia) Berhad","BAT",11,MISMATCH,"BRITISH AMERICAN TOBACCO BHD","BAT"
BAUTO,5248,"Bermaz Auto","BAUTO",45,MISMATCH,"BERMAZ AUTO","BAUTO"
BCB,6602,"BCB Berhad","BCB",43,MISMATCH,"BCB BHD","BCB"
BCMALL,0187,"BCM Alliance Berhad","BCMALL",38,MISMATCH,"BCM ALLIANCE BHD","BCMALL"
BDB,6173,"Bina Darulaman Berhad","BDB",17,MISMATCH,"BINA DARULAMAN BHD","BDB"
BENALEC,5190,"Benalec Holdings Berhad","BENALEC",64,MISMATCH,"BENALEC BHD","BENALEC"
BERTAM,9814,"Bertam Alliance Berhad","BERTAM",32,MISMATCH,"BERTAM ALLIANCE BHD","BERTAM"
BESHOM,7668,"Beshom Holdings","BESHOM",100,MATCH,"BESHOM","BESHOM"
BETA,0263,"Betamek Berhad","BETA",36,MISMATCH,"BETAMEK BHD","BETA"
BHIC,8133,"Boustead Heavy Industries Corporation Berhad","BHIC",12,MISMATCH,"BOUSTEAD HEAVY INDUSTRIES CORP BHD","BHIC"
BIG,7005,"BIG Industries Berhad","BIG",17,MISMATCH,"BIG INDUSTRIES BHD","BIG"
BIMB,5258,"Bank Islam Malaysia Berhad","BIMB",17,MISMATCH,"BANK ISLAM MALAYSIA BHD","BIMB"
BINACOM,0195,"Bina Composite Technologies Berhad","BINACOM",23,MISMATCH,"BINA COMPOSITE TECHNOLOGIES BHD","BINACOM"
BINTAI,6998,"Bintai Kinden Corporation Berhad","BINTAI",27,MISMATCH,"BINTAI KINDEN CORP BHD","BINTAI"
BIOHLDG,0179,"Bioalpha Holdings Berhad","BIOHLDG",33,MISMATCH,"BIOALPHA BHD","BIOHLDG"
BIOINTE,0290,"Bio Integrasi Holdings Berhad","PANDA",12,MISMATCH,"BIO INTEGRASI BHD","PANDA"
BIPORT,5032,"Bintulu Port Holdings Berhad","BIPORT",38,MISMATCH,"BINTULU PORT BHD","BIPORT"
BJASSET,3239,"Berjaya Assets Berhad","BJASSET",39,MISMATCH,"BERJAYA ASSETS BHD","BJASSET"
BJCORP,3395,"Berjaya Corporation Berhad","BJCORP",38,MISMATCH,"BERJAYA CORP BHD","BJCORP"
BJFOOD,5196,"Berjaya Food Berhad","BJFOOD",38,MISMATCH,"BERJAYA FOOD BHD","BJFOOD"
BJLAND,4219,"Berjaya Land Berhad","BJLAND",38,MISMATCH,"BERJAYA LAND BHD","BJLAND"
BKAWAN,1899,"Batu Kawan Berhad","BKAWAN",43,MISMATCH,"BATU KAWAN BHD","BKAWAN"
BLDPLNT,5163,"BLD Plantation Bhd","SEB",6,MISMATCH,"BLD PLANTATION BHD","SEB"
BMGREEN,0168,"BM GreenTech Berhad","BMGREEN",44,MISMATCH,"BM GREENTECH BHD","BMGREEN"
BMS,0385,"BMS Holdings Berhad","BMS",43,MISMATCH,"BMS BHD","BMS"
BNASTRA,7195,"Bina Nusantara","BNASTRA",50,MISMATCH,"BINA NUSANTARA","BNASTRA"
BPURI,5932,"Bina Puri Holdings Bhd","BPURI",38,MISMATCH,"BINA PURI BHD","BPURI"
BTECH,0011,"B-Tech Berhad","BTECH",50,MISMATCH,"B TECH BHD","BTECH"
BURSA,1818,"Bursa Malaysia Berhad","BURSA",28,MISMATCH,"BURSA MALAYSIA BHD","BURSA"
CAB,7174,"CAB Cakaran Corporation Berhad","CAB",15,MISMATCH,"CAB CAKARAN CORP BHD","CAB"
CAMAROE,0371,"Camaroe Holdings","CAMAROE",100,MATCH,"CAMAROE","CAMAROE"
CANONE,7200,"Can-One Berhad","TEKSENG",9,MISMATCH,"CAN ONE BHD","TEKSENG"
CAPITALA,5099,"Capital A Berhad","CAPITALA",62,MISMATCH,"CAPITAL A BHD","CAPITALA"
CARLSBG,2836,"Carlsberg Brewery Malaysia Berhad","CARLSBG",23,MISMATCH,"CARLSBERG BREWERY MALAYSIA BHD","CARLSBG"
CATCHA,0173,"Catcha Investment Corp Berhad","CATCHA",23,MISMATCH,"CATCHA INVESTMENT CORP BHD","CATCHA"
CBHB,0339,"CBH Engineering Holding Berhad","CBHB",21,MISMATCH,"CBH ENGINEERING BHD","CBHB"
CBIP,7076,"CB Industrial Product Holding Berhad","CBIP",16,MISMATCH,"CB INDUSTRIAL PRODUCT BHD","CBIP"
CCK,7035,"CCK Consolidated Holdings Berhad","CCK",15,MISMATCH,"CCK CONSOLIDATED BHD","CCK"
CDB,6947,"Celcomdigi Berhad","CDB",21,MISMATCH,"CELCOMDIGI BHD","CDB"
CEB,5311,"Cape EMS Berhad","CEB",25,MISMATCH,"CAPE EMS BHD","CEB"
CEKD,0238,"CEKD Holdings","CEKD",100,MATCH,"CEKD","CEKD"
CENSOF,5195,"Censof Holdings Berhad","CENSOF",60,MISMATCH,"CENSOF BHD","CENSOF"
CERATEC,0165,"Ceratechnologies Berhad","XOX",5,MISMATCH,"CERATECHNOLOGIES BHD","XOX"
CETECH,03024,"Cetech Group","CETECH",100,MATCH,"CETECH","CETECH"
CGB,8052,"Central Global Berhad","CGB",17,MISMATCH,"CENTRAL GLOBAL BHD","CGB"
CHB,0255,"Critical Holdings Berhad","EIB",17,MISMATCH,"CRITICAL BHD","EIB"
CHEEDING,0372,"Cheeding Holdings Berhad","CHEEDING",67,MISMATCH,"CHEEDING BHD","CHEEDING"
CHEETAH,7209,"Cheetah Holdings Berhad","CHEETAH",64,MISMATCH,"CHEETAH BHD","CHEETAH"
CHGP,0279,"Chin Hin Group Property Berhad","SYNERGY",19,MISMATCH,"CHIN HIN PROPERTY BHD","SYNERGY"
CHINHIN,5273,"Chin Hin Group Berhad","CHINHIN",58,MISMATCH,"CHIN HIN BHD","CHINHIN"
CHINTEK,1929,"Chin Teck Plantations Berhad","CHINTEK",28,MISMATCH,"CHIN TECK PLANTATIONS BHD","CHINTEK"
CHINWEL,5007,"Chin Well Holdings Berhad","CHINWEL",54,MISMATCH,"CHIN WELL BHD","CHINWEL"
CHUAN,7016,"Chuan Hup Holdings Berhad","CHUAN",38,MISMATCH,"CHUAN HUP BHD","CHUAN"
CIHLDG,2828,"C.I. Holdings Berhad","CIHLDG",29,MISMATCH,"C I BHD","CIHLDG"
CIMB,1023,"CIMB Group Holdings Berhad","CIMB",50,MISMATCH,"CIMB BHD","CIMB"
CITAGLB,7245,"Citaglobal Berhad","CITAGLB",50,MISMATCH,"CITAGLOBAL BHD","CITAGLB"
CKI,5336,"CUCKOO International (MAL) Berhad","CKI",16,MISMATCH,"CUCKOO INTL MAL BHD","CKI"
CLMT,5180,"CapitaLand Malaysia Trust","CLMT",16,MISMATCH,"CAPITALAND MALAYSIA TRUST","CLMT"
CLOUDPT,0277,"Cloudpoint Technology Berhad","CLOUDPT",28,MISMATCH,"CLOUDPOINT TECHNOLOGY BHD","CLOUDPT"
CMSB,2852,"Cahya Mata Sarawak Berhad","CMSB",18,MISMATCH,"CAHYA MATA SARAWAK BHD","CMSB"
CNI,5104,"CNI Holdings Berhad","CNH",43,MISMATCH,"CNI BHD","CNH"
COASTAL,5071,"Coastal Contracts Bhd","COASTAL",33,MISMATCH,"COASTAL CONTRACTS BHD","COASTAL"
CONNECT,0163,"Connectcounty Holdings Berhad","CAREPLS",12,MISMATCH,"CONNECTCOUNTY BHD","CAREPLS"
CORAZA,0211,"Coraza Integrated Technology Berhad","TASHIN",9,MISMATCH,"CORAZA INTEGRATED TECHNOLOGY BHD","TASHIN"
COSMOS,0261,"Cosmos Holdings","COSMOS",100,MATCH,"COSMOS","COSMOS"
COUNTRY,5738,"Country Heights Holdings Berhad","CHHB",21,MISMATCH,"COUNTRY HEIGHTS BHD","CHHB"
CPETECH,5317,"CPE Technology Berhad","CPETECH",39,MISMATCH,"CPE TECHNOLOGY BHD","CPETECH"
CREABIZ,0283,"Creative Alibiz Holdings Berhad","DCHCARE",11,MISMATCH,"CREATIVE ALIBIZ BHD","DCHCARE"
CRESNDO,6718,"Crescendo Corporation","CRESNDO",50,MISMATCH,"CRESCENDO CORP","CRESNDO"
CREST,0323,"Crest Group Berhad","CREST",56,MISMATCH,"CREST BHD","CREST"
CSCSTEL,5094,"CSC Steel Holdings Berhad","CSCSTEL",54,MISMATCH,"CSC STEEL BHD","CSCSTEL"
CTOS,5301,"CTOS Digital Berhad","CTOS",25,MISMATCH,"CTOS DIGITAL BHD","CTOS"
CVIEW,5049,"Country View Berhad","CVIEW",31,MISMATCH,"COUNTRY VIEW BHD","CVIEW"
CYL,7157,"CYL Corporation","CYL",38,MISMATCH,"CYL CORP","CYL"
CYPARK,5184,"Cypark Resources","CYPARK",38,MISMATCH,"CYPARK RESOURCES","CYPARK"
D&O,7204,"D & O Green Technologies Berhad","D&O",12,MISMATCH,"D O GREEN TECHNOLOGIES BHD","D O"
DATAPRP,8338,"Data Prep","DATAPRP",78,MISMATCH,"DATA PREP","DATAPRP"
DATASONIC,5216,"Datasonic Group Berhad","NEXG",8,MISMATCH,"DATASONIC BHD","NEXG"
DAYANG,5141,"Dayang Enterprise Holdings Bhd","DAYANG",29,MISMATCH,"DAYANG ENTERPRISE BHD","DAYANG"
DELEUM,5132,"Deleum Berhad","DELEUM",60,MISMATCH,"DELEUM BHD","DELEUM"
DESTINI,7212,"Destini Berhad","DESTINI",64,MISMATCH,"DESTINI BHD","DESTINI"
DFX,0131,"DFx Technology Group Berhad","DFX",17,MISMATCH,"DFX TECHNOLOGY BHD","DFX"
DGB,7208,"Db Group (M) Berhad","EURO",0,MISMATCH,"DB BHD","EURO"
DGB2,0152,"DGB Asia Berhad","DGB",25,MISMATCH,"DGB ASIA BHD","DGB"
DIALOG,7277,"Dialog Group Berhad","DIALOG",60,MISMATCH,"DIALOG BHD","DIALOG"
DIGISTA,0029,"Digistar Corporation Berhad","DIGISTA",41,MISMATCH,"DIGISTAR CORP BHD","DIGISTA"
DKLS,7173,"DKLS Industries Berhad","TOYOVEN",5,MISMATCH,"DKLS INDUSTRIES BHD","TOYOVEN"
DKSH,5908,"DKSH Holdings (Malaysia) Berhad","DKSH",50,MISMATCH,"DKSH BHD","DKSH"
DLADY,3026,"Dutch Lady Milk Industries Berhad","DLADY",17,MISMATCH,"DUTCH LADY MILK INDUSTRIES BHD","DLADY"
DNEX,4456,"Dagang NeXchange Berhad","DNEX",20,MISMATCH,"DAGANG NEXCHANGE BHD","DNEX"
DPHARMA,7148,"Duopharma Biotech Berhad","DPHARMA",33,MISMATCH,"DUOPHARMA BIOTECH BHD","DPHARMA"
DPS,7198,"DPS Resources Berhad","DPS",18,MISMATCH,"DPS RESOURCES BHD","DPS"
DRBHCOM,1619,"DRB-HICOM Berhad","DRBHCOM",54,MISMATCH,"DRB HICOM BHD","DRBHCOM"
DSONIC,0041,"Dsonic Berhad","HONGSENG",20,MISMATCH,"DSONIC BHD","HONGSENG"
DUFU,7233,"Dufu Technology Corp. Berhad","DUFU",17,MISMATCH,"DUFU TECHNOLOGY CORP BHD","DUFU"
DXN,5318,"DXN Holdings Bhd","DXN",43,MISMATCH,"DXN BHD","DXN"
E&O,3417,"Eastern & Oriental Berhad","E&O",15,MISMATCH,"EASTERN ORIENTAL BHD","E O"
EAH,0154,"EA Holdings","EAH",67,MISMATCH,"EA","EAH"
EASTPRT,0296,"Eastparc Holdings Berhad","HEGROUP",8,MISMATCH,"EASTPARC BHD","HE"
ECA,0267,"ECA Integrated","ECA",21,MISMATCH,"ECA INTEGRATED","ECA"
ECOFIRS,3557,"EcoFirst Consolidated Bhd","ECOFIRS",28,MISMATCH,"ECOFIRST CONSOLIDATED BHD","ECOFIRS"
ECOHLDG,0229,"Eco Holdings Berhad","MOBILIA",0,MISMATCH,"ECO BHD","MOBILIA"
ECOMATE,0239,"Ecomate Holdings Berhad","ECOMATE",64,MISMATCH,"ECOMATE BHD","ECOMATE"
ECONBHD,5253,"Econpile Holdings Berhad","ECONBHD",58,MISMATCH,"ECONPILE BHD","ECONBHD"
ECOSHOP,0233,"Eco-Shop Marketing Berhad","PEKAT",14,MISMATCH,"ECO SHOP MARKETING BHD","PEKAT"
ECOWLD,8206,"Eco World Development","ECOWLD",29,MISMATCH,"ECO WORLD DEVELOPMENT","ECOWLD"
EDELTEQ,0278,"Edelteq Holdings Berhad","EDELTEQ",64,MISMATCH,"EDELTEQ BHD","EDELTEQ"
EDEN,7471,"Eden Inc. Berhad","EDEN",33,MISMATCH,"EDEN INC BHD","EDEN"
EDGENTA,1368,"UEM Edgenta Berhad","EDGENTA",47,MISMATCH,"UEM EDGENTA BHD","EDGENTA"
EDUSPEC,0107,"Eduspec Holdings Berhad","EDUSPEC",64,MISMATCH,"EDUSPEC BHD","EDUSPEC"
EFORCE,0297,"E-Force Berhad","TSA",0,MISMATCH,"E FORCE BHD","TSA"
EFRAME,0227,"E-Frame Berhad","EFRAME",55,MISMATCH,"E FRAME BHD","EFRAME"
EG,8907,"EG Industries Berhad","EG",12,MISMATCH,"EG INDUSTRIES BHD","EG"
EITA,5208,"Eita Resources Berhad","EITA",22,MISMATCH,"EITA RESOURCES BHD","EITA"
EKOVEST,8877,"Ekovest Berhad","EKOVEST",64,MISMATCH,"EKOVEST BHD","EKOVEST"
ELKDESA,5228,"ELK-Desa Resources Berhad","ELKDESA",32,MISMATCH,"ELK DESA RESOURCES BHD","ELKDESA"
ELRIDGE,0318,"Elridge Energy Holdings Berhad","ELRIDGE",39,MISMATCH,"ELRIDGE ENERGY BHD","ELRIDGE"
ELSOFT,0090,"Elsoft Research Berhad","ELSOFT",32,MISMATCH,"ELSOFT RESEARCH BHD","ELSOFT"
EMCC,0286,"Evergreen Max Cash Capital Berhad","EMCC",13,MISMATCH,"EVERGREEN MAX CASH CAPITAL BHD","EMCC"
EMICO,7187,"Emico Holdings Berhad","CHGP",11,MISMATCH,"EMICO BHD","CHGP"
ENCORP,6076,"Encorp Berhad","ENCORP",60,MISMATCH,"ENCORP BHD","ENCORP"
ENGTEX,5056,"Engtex Group Berhad","ENGTEX",60,MISMATCH,"ENGTEX BHD","ENGTEX"
ENRA,8613,"Enra Group Berhad","ENRA",50,MISMATCH,"ENRA BHD","ENRA"
ERDASAN,0072,"Erdasan Berhad","ERDASAN",64,MISMATCH,"ERDASAN BHD","ERDASAN"
ESAFE,0190,"E-Safe Solutions Berhad","ESAFE",25,MISMATCH,"E SAFE SOLUTIONS BHD","ESAFE"
ESCERAM,0100,"ES Ceramics Technology Berhad","ESCERAM",27,MISMATCH,"ES CERAMICS TECHNOLOGY BHD","ESCERAM"
EUROSP,7094,"Euro Holdings Berhad","EUROSP",50,MISMATCH,"EURO BHD","EUROSP"
EVD,0174,"EVD Berhad","EVD",43,MISMATCH,"EVD BHD","EVD"
EVERGRN,5101,"Evergreen Fibreboard Berhad","EVERGRN",29,MISMATCH,"EVERGREEN FIBREBOARD BHD","EVERGRN"
EWEIN,7249,"Ewein Berhad","SKYGATE",0,MISMATCH,"EWEIN BHD","SKYGATE"
EWICAP,5283,"EWEIN Capital","EWICAP",46,MISMATCH,"EWEIN CAPITAL","EWICAP"
FAREAST,5029,"Far East Holdings Berhad","FAREAST",58,MISMATCH,"FAR EAST BHD","FAREAST"
FARMPRICE,0304,"Farm Price Holdings Berhad","FPHB",21,MISMATCH,"FARM PRICE BHD","FPHB"
FAST,0084,"Fast Energy Holdings Berhad","FAST",27,MISMATCH,"FAST ENERGY BHD","FAST"
FASTBND,0268,"Fast Bond Holdings Berhad","L&PBHD",31,MISMATCH,"FAST BOND BHD","L PBHD"
FAVCO,7229,"Favelle Favco Berhad","FAVCO",29,MISMATCH,"FAVELLE FAVCO BHD","FAVCO"
FCW,8486,"FCW Holdings Berhad","LIONPSIM",0,MISMATCH,"FCW BHD","LIONPSIM"
FFB,5306,"Farm Fresh Berhad","FFB",21,MISMATCH,"FARM FRESH BHD","FFB"
FIAMMA,6939,"Fiamma Holdings Berhad","FIAMMA",60,MISMATCH,"FIAMMA BHD","FIAMMA"
FIHB,8605,"FI Holdings Berhad","FIHB",50,MISMATCH,"FI BHD","FIHB"
FIMACOR,3107,"Fima Corporation Berhad","FIMACOR",54,MISMATCH,"FIMA CORP BHD","FIMACOR"
FINTEC,0150,"Fintec Global Berhad","FINTEC",35,MISMATCH,"FINTEC GLOBAL BHD","FINTEC"
FLEXI,0231,"Flexi Berhad","FLEXI",56,MISMATCH,"FLEXI BHD","FLEXI"
FM,7210,"FM Global Logistics Holdings Berhad","FM",9,MISMATCH,"FM GLOBAL LOGISTICS BHD","FM"
FOCUS,0116,"Focus Dynamics Group Berhad","FOCUS",28,MISMATCH,"FOCUS DYNAMICS BHD","FOCUS"
FOCUSP,0157,"Focus Point Holdings Berhad","FOCUSP",40,MISMATCH,"FOCUS POINT BHD","FOCUSP"
FORMIS,9318,"Formis Resources Berhad","FITTERS",25,MISMATCH,"FORMIS RESOURCES BHD","FITTERS"
FPI,9172,"Formosa Prosonic Industries Berhad","FPI",10,MISMATCH,"FORMOSA PROSONIC INDUSTRIES BHD","FPI"
FRONTKN,0128,"Frontken Corporation Berhad","FRONTKN",41,MISMATCH,"FRONTKEN CORP BHD","FRONTKN"
FSBM,9377,"FSBM Holdings Berhad","FSBM",50,MISMATCH,"FSBM BHD","FSBM"
FTES,0373,"F T E S International Group Berhad","VERDANT",19,MISMATCH,"F T E S INTL BHD","VERDANT"
FUCEHS,0302,"Fu Ce Hs Holdings Berhad","TOPMIX",0,MISMATCH,"FU CE HS BHD","TOPMIX"
GADANG,9261,"Gadang Holdings Berhad","GADANG",60,MISMATCH,"GADANG BHD","GADANG"
GAMUDA,5398,"Gamuda Berhad","GAMUDA",60,MISMATCH,"GAMUDA BHD","GAMUDA"
GASMSIA,5209,"Gas Malaysia Berhad","GASMSIA",44,MISMATCH,"GAS MALAYSIA BHD","GASMSIA"
GBGAQRS,0162,"GBA Holdings Berhad","WIDAD",14,MISMATCH,"GBA BHD","WIDAD"
GCB,5102,"Guan Chong Berhad","GCB",21,MISMATCH,"GUAN CHONG BHD","GCB"
GCSB,0310,"Green Coast Seafood Berhad","UUE",4,MISMATCH,"GREEN COAST SEAFOOD BHD","UUE"
GDB,0198,"GDB Holdings Berhad","GDB",43,MISMATCH,"GDB BHD","GDB"
GDEX,0078,"GDEX Berhad","GDEX",50,MISMATCH,"GDEX BHD","GDEX"
GENERGY,5343,"Wasco Greenergy Berhad","GENERGY",37,MISMATCH,"WASCO GREENERGY BHD","GENERGY"
GENETEC,0104,"Genetec Technology Berhad","GENETEC",32,MISMATCH,"GENETEC TECHNOLOGY BHD","GENETEC"
GENM,4715,"Genting Malaysia Berhad","GENM",20,MISMATCH,"GENTING MALAYSIA BHD","GENM"
GENP,2291,"Genting Plantations Berhad","GENP",17,MISMATCH,"GENTING PLANTATIONS BHD","GENP"
GENTING,3182,"Genting Berhad","GENTING",64,MISMATCH,"GENTING BHD","GENTING"
GESHEN,7197,"GE-Shen Corporation Berhad","GESHEN",38,MISMATCH,"GE SHEN CORP BHD","GESHEN"
GFM,0215,"GFM Services Berhad","SLVEST",25,MISMATCH,"GFM SERVICES BHD","SLVEST"
GIGASUNS,0308,"Giga Sunshine Berhad","KTI",6,MISMATCH,"GIGA SUNSHINE BHD","KTI"
GIIB,7192,"GIIB Holdings","GIIB",100,MATCH,"GIIB","GIIB"
GLOBETRO,7022,"Globetronics Technology Bhd","GTRONIC",26,MISMATCH,"GLOBETRONICS TECHNOLOGY BHD","GTRONIC"
GLOMAC,5020,"Glomac Berhad","GLOMAC",60,MISMATCH,"GLOMAC BHD","GLOMAC"
GLXT,0284,"Globalxtreme Berhad","GLXT",25,MISMATCH,"GLOBALXTREME BHD","GLXT"
GMUTUAL,0305,"G Mutual Berhad","SINKUNG",8,MISMATCH,"G MUTUAL BHD","SINKUNG"
GOCEAN,0074,"G Ocean Berhad","GOCEAN",55,MISMATCH,"G OCEAN BHD","GOCEAN"
GOPENG,2135,"Gopeng Berhad","GOPENG",60,MISMATCH,"GOPENG BHD","GOPENG"
GPACKET,0082,"Green Packet Berhad","GPACKET",44,MISMATCH,"GREEN PACKET BHD","GPACKET"
GPHAROS,0330,"Grand Pharos Holdings Berhad","SUPREME",13,MISMATCH,"GRAND PHAROS BHD","SUPREME"
GREATEC,0208,"Greatech Technology Berhad","GREATEC",30,MISMATCH,"GREATECH TECHNOLOGY BHD","GREATEC"
GSTEEL,0288,"Glomac Steel Berhad","MINOX",6,MISMATCH,"GLOMAC STEEL BHD","MINOX"
GUOCO,1503,"GuocoLand (Malaysia) Berhad","GUOCO",38,MISMATCH,"GUOCOLAND BHD","GUOCO"
HAILY,0237,"Haily Group Berhad","HAILY",56,MISMATCH,"HAILY BHD","HAILY"
HANDAL,7253,"Handal Energy Berhad","HANDAL",35,MISMATCH,"HANDAL ENERGY BHD","HANDAL"
HAPSENG,3034,"Hap Seng Consolidated Berhad","HAPSENG",28,MISMATCH,"HAP SENG CONSOLIDATED BHD","HAPSENG"
HARBOUR,2062,"Harbour-Link Group Berhad","HARBOUR",44,MISMATCH,"HARBOUR LINK BHD","HARBOUR"
HARISON,5008,"Harrisons Holdings (Malaysia) Berhad","HARISON",54,MISMATCH,"HARRISONS BHD","HARISON"
HARNLEN,7501,"Harn Len Corporation Bhd","HARNLEN",41,MISMATCH,"HARN LEN CORP BHD","HARNLEN"
HARTA,5168,"Hartalega Holdings Berhad","HARTA",38,MISMATCH,"HARTALEGA BHD","HARTA"
HBGLOB,7066,"HB Global Limited","YONGTAI",18,MISMATCH,"HB GLOBAL LIMITED","YONGTAI"
HCK,7105,"HCK Capital Group Berhad","HCK",20,MISMATCH,"HCK CAPITAL BHD","HCK"
HEIM,3255,"Heineken Malaysia Berhad","HEIM",19,MISMATCH,"HEINEKEN MALAYSIA BHD","HEIM"
HEKTAR,5121,"Hektar Real Estate Investment Trust","HEKTAR",17,MISMATCH,"HEKTAR REAL ESTATE INVESTMENT TRUST","HEKTAR"
HENGYUAN,4324,"Hengyuan Refining Company Berhad","HENGYUAN",28,MISMATCH,"HENGYUAN REFINING COMPANY BHD","HENGYUAN"
HEVEA,5095,"HeveaBoard Berhad","HEVEA",36,MISMATCH,"HEVEABOARD BHD","HEVEA"
HEXCAP,0035,"Hexcapital Berhad","HEXCAP",43,MISMATCH,"HEXCAPITAL BHD","HEXCAP"
HEXIND,0161,"Hextar Industries Berhad","HEXIND",29,MISMATCH,"HEXTAR INDUSTRIES BHD","HEXIND"
HEXTAR,5151,"Hextar Global Berhad","HEXTAR",35,MISMATCH,"HEXTAR GLOBAL BHD","HEXTAR"
HEXTECH,5136,"Hextar Technologies Solutions Berhad","HEXTECH",21,MISMATCH,"HEXTAR TECHNOLOGIES SOLUTIONS BHD","HEXTECH"
HEXZA,3298,"Hexza Corporation Berhad","HEXZA",36,MISMATCH,"HEXZA CORP BHD","HEXZA"
HHHCORP,0160,"HHH Corp Berhad","HHHCORP",58,MISMATCH,"HHH CORP BHD","HHHCORP"
HHHSB,0311,"HHH Plantations Berhad","GOHUB",11,MISMATCH,"HHH PLANTATIONS BHD","GOHUB"
HHRG,0175,"HHRG Berhad","HHRG",50,MISMATCH,"HHRG BHD","HHRG"
HI,5335,"HI Mobility Berhad","HI",13,MISMATCH,"HI MOBILITY BHD","HI"
HIAPTEK,5072,"Hiap Teck Venture","HIAPTEK",41,MISMATCH,"HIAP TECK VENTURE","HIAPTEK"
HIBISCS,5199,"Hibiscus Petroleum Berhad","HIBISCS",32,MISMATCH,"HIBISCUS PETROLEUM BHD","HIBISCS"
HIGHTEC,7033,"Hightec Global","HIGHTEC",50,MISMATCH,"HIGHTEC GLOBAL","HIGHTEC"
HKB,0359,"HKB Holdings","HKB",100,MATCH,"HKB","HKB"
HLBANK,5819,"Hong Leong Bank Berhad","HLBANK",32,MISMATCH,"HONG LEONG BANK BHD","HLBANK"
HLCAP,5274,"Hong Leong Capital Berhad","HLCAP",23,MISMATCH,"HONG LEONG CAPITAL BHD","HLCAP"
HLFG,1082,"Hong Leong Financial Group Berhad","HLFG",13,MISMATCH,"HONG LEONG FINANCIAL BHD","HLFG"
HLIND,3301,"Hong Leong Industries Berhad","HLIND",20,MISMATCH,"HONG LEONG INDUSTRIES BHD","HLIND"
HLT,0188,"HLT Global Berhad","HLT",21,MISMATCH,"HLT GLOBAL BHD","HLT"
HM,0060,"Harvest Miracle Capital Berhad","HM",7,MISMATCH,"HARVEST MIRACLE CAPITAL BHD","HM"
HOMERIZ,7132,"Homeriz Corporation Berhad","SMISCOR",31,MISMATCH,"HOMERIZ CORP BHD","SMISCOR"
HPMT,5291,"HPMT Holdings Berhad","HPMT",50,MISMATCH,"HPMT BHD","HPMT"
HSPLANT,5138,"Hap Seng Plantations Holdings Berhad","HSPLANT",29,MISMATCH,"HAP SENG PLANTATIONS BHD","HSPLANT"
HSSEB,0185,"HSS Engineers Berhad","HSSEB",29,MISMATCH,"HSS ENGINEERS BHD","HSSEB"
HUMEIND,5000,"Hume Cement Industries Berhad","HUMEIND",27,MISMATCH,"HUME CEMENT INDUSTRIES BHD","HUMEIND"
HUPSENG,5024,"Hup Seng Industries Berhad","HUPSENG",30,MISMATCH,"HUP SENG INDUSTRIES BHD","HUPSENG"
HWGB,9601,"HWGB Holdings Berhad","HWGB",50,MISMATCH,"HWGB BHD","HWGB"
IBHD,4251,"I-Berhad","IBHD",80,MATCH,"I BHD","IBHD"
IBRACO,0252,"Ibraco Berhad","ORGABIO",20,MISMATCH,"IBRACO BHD","ORGABIO"
ICTZONE,0358,"ICTZONE Holdings","ICTZONE",100,MATCH,"ICTZONE","ICTZONE"
IDEAL,9687,"Ideal Capital Berhad","IDEAL",29,MISMATCH,"IDEAL CAPITAL BHD","IDEAL"
IDELIVR,0232,"I-Deliver Group Berhad","VOLCANO",8,MISMATCH,"I DELIVER BHD","VOLCANO"
IEPMECH,0306,"IEP Power Engineering Berhad","SMART",4,MISMATCH,"IEP POWER ENGINEERING BHD","SMART"
IFCAMSC,0023,"IFCA MSC Berhad","IFCAMSC",58,MISMATCH,"IFCA MSC BHD","IFCAMSC"
IGBB,5160,"IGB Berhad","HOMERIZ",0,MISMATCH,"IGB BHD","HOMERIZ"
IGBCR,5299,"IGB Commercial Real Estate Investment Trust","IGBCR",12,MISMATCH,"IGB COMMERCIAL REAL ESTATE INVESTMENT TRUST","IGBCR"
IGBREIT,5227,"IGB Real Estate Investment Trust","IGBREIT",22,MISMATCH,"IGB REAL ESTATE INVESTMENT TRUST","IGBREIT"
IHH,5225,"IHH Healthcare Berhad","IHH",17,MISMATCH,"IHH HEALTHCARE BHD","IHH"
IJM,3336,"IJM Corporation Berhad","IJM",25,MISMATCH,"IJM CORP BHD","IJM"
IMDA,0133,"Imda Corporation Berhad","SANICHI",15,MISMATCH,"IMDA CORP BHD","SANICHI"
INARI,0166,"Inari Amertron Berhad","INARI",28,MISMATCH,"INARI AMERTRON BHD","INARI"
INFOM,0265,"Infomina Berhad","INFOM",42,MISMATCH,"INFOMINA BHD","INFOM"
INNITY,0147,"Innity Corporation Berhad","INNITY",40,MISMATCH,"INNITY CORP BHD","INNITY"
INNO,5265,"Innoprise Plantations Berhad","OASIS",16,MISMATCH,"INNOPRISE PLANTATIONS BHD","OASIS"
INSAS,3379,"Insas Berhad","INSAS",56,MISMATCH,"INSAS BHD","INSAS"
INTA,0192,"Inta Bina Group Berhad","INTA",31,MISMATCH,"INTA BINA BHD","INTA"
IOICORP,1961,"IOI Corporation Berhad","IOICORP",58,MISMATCH,"IOI CORP BHD","IOICORP"
IOIPG,5249,"IOI Properties Group Berhad","IOIPG",22,MISMATCH,"IOI PROPERTIES BHD","IOIPG"
IRIS,0010,"IRIS Corporation Berhad","IRIS",31,MISMATCH,"IRIS CORP BHD","IRIS"
ITMAX,5309,"ITMAX System Berhad","ITMAX",31,MISMATCH,"ITMAX SYSTEM BHD","ITMAX"
ITRONIC,9393,"I-Tronic Group Berhad","ITRONIC",58,MISMATCH,"I TRONIC BHD","ITRONIC"
JAG,0024,"JAG Berhad","JAG",43,MISMATCH,"JAG BHD","JAG"
JAGCPTL,6874,"KUB Malaysia Berhad","JAGCPTL",6,MISMATCH,"KUB MALAYSIA BHD","JAGCPTL"
JAKS,4723,"JAKS Resources Berhad","JAKS",22,MISMATCH,"JAKS RESOURCES BHD","JAKS"
JAYCORP,7152,"Jay Corporation","JAYCORP",88,MATCH,"JAY CORP","JAYCORP"
JBC,0250,"JBC Corporation Berhad","YXPM",8,MISMATCH,"JBC CORP BHD","YXPM"
JCY,5161,"JCY International Berhad","JCY",25,MISMATCH,"JCY INTL BHD","JCY"
JDIPC,0317,"JD I Plus Corporation Berhad","EPB",11,MISMATCH,"JD I PLUS CORP BHD","EPB"
JFTECH,0167,"JF Technology Berhad","MCLEAN",12,MISMATCH,"JF TECHNOLOGY BHD","MCLEAN"
JHM,0127,"JHM Consolidation Berhad","JHM",14,MISMATCH,"JHM CONSOLIDATION BHD","JHM"
JIANKUN,0199,"Jiankun International Berhad","TRIMODE",6,MISMATCH,"JIANKUN INTL BHD","TRIMODE"
JKGLAND,6769,"JKG Land","JKGLAND",88,MATCH,"JKG LAND","JKGLAND"
JOHAN,3441,"Johan Holdings","JOHAN",100,MATCH,"JOHAN","JOHAN"
JPG,5133,"Johor Plantations Group Berhad","PENERGY",10,MISMATCH,"JOHOR PLANTATIONS BHD","PENERGY"
JSSOLAR,0369,"JS Solar","JSSOLAR",88,MATCH,"JS SOLAR","JSSOLAR"
JTGROUP,0292,"Jati Tinggi Group Berhad","JTGROUP",13,MISMATCH,"JATI TINGGI BHD","JT"
JTIASA,4383,"Jaya Tiasa Holdings Berhad","JTIASA",43,MISMATCH,"JAYA TIASA BHD","JTIASA"
JTKBHD,0325,"JTK Technology Berhad","NE",6,MISMATCH,"JTK TECHNOLOGY BHD","NE"
K1,0111,"K-One Technology Berhad","K1",5,MISMATCH,"K ONE TECHNOLOGY BHD","K1"
KAB,0202,"Kinergy Advancement Berhad","RGTECH",17,MISMATCH,"KINERGY ADVANCEMENT BHD","RGTECH"
KAMDAR,8672,"Kamdar Group (M) Berhad","KAMDAR",60,MISMATCH,"KAMDAR BHD","KAMDAR"
KANGER,0170,"Kanger International Berhad","KANGER",40,MISMATCH,"KANGER INTL BHD","KANGER"
KAREX,5247,"Karex Berhad","KAREX",56,MISMATCH,"KAREX BHD","KAREX"
KAWAN,7216,"Kawan Food Berhad","KAWAN",36,MISMATCH,"KAWAN FOOD BHD","KAWAN"
KBES,0280,"K Best Berhad","MBN",10,MISMATCH,"K BEST BHD","MBN"
KBH,0320,"KBH Berhad","HAWK",14,MISMATCH,"KBH BHD","HAWK"
KEINHIN,7199,"Kelington Holdings","KEINHIN",56,MISMATCH,"KELINGTON","KEINHIN"
KENANGA,6483,"Kenanga Investment Bank Berhad","KENANGA",26,MISMATCH,"KENANGA INVESTMENT BANK BHD","KENANGA"
KENERGY,0307,"Kenergy Holdings","KENERGY",100,MATCH,"KENERGY","KENERGY"
KERJAYA,7161,"Kerjaya Prospek Group Berhad","KERJAYA",37,MISMATCH,"KERJAYA PROSPEK BHD","KERJAYA"
KESM,9334,"KESM Industries","KESM",27,MISMATCH,"KESM INDUSTRIES","KESM"
KEYFIELD,0191,"Keyfield International Berhad","CABNET",12,MISMATCH,"KEYFIELD INTL BHD","CABNET"
KFIMA,6491,"Kumpulan Fima Berhad","KFIMA",29,MISMATCH,"KUMPULAN FIMA BHD","KFIMA"
KGB,0151,"Kelington Group Berhad","KGB",23,MISMATCH,"KELINGTON BHD","KGB"
KGROUP,0036,"K-Star Group Berhad","KGROUP",10,MISMATCH,"K STAR BHD","K"
KHIND,7062,"Khind Holdings Berhad","KHIND",56,MISMATCH,"KHIND BHD","KHIND"
KHJB,0210,"KHJ Berhad","KHJB",57,MISMATCH,"KHJ BHD","KHJB"
KIALIM,6211,"Kia Lim Berhad","KIALIM",55,MISMATCH,"KIA LIM BHD","KIALIM"
KIARA,0329,"Kiara Glory Berhad","METRO",13,MISMATCH,"KIARA GLORY BHD","METRO"
KIMHIN,5371,"Kim Hin Industry Berhad","KIMHIN",30,MISMATCH,"KIM HIN INDUSTRY BHD","KIMHIN"
KIMLUN,5171,"Kimlun Corporation Berhad","KIMLUN",40,MISMATCH,"KIMLUN CORP BHD","KIMLUN"
KINRARA,0282,"Kinrara Media Berhad","KGW",6,MISMATCH,"KINRARA MEDIA BHD","KGW"
KIPREIT,5280,"KIP Real Estate Investment Trust","KIPREIT",22,MISMATCH,"KIP REAL ESTATE INVESTMENT TRUST","KIPREIT"
KISAS,0340,"Kisaran Resources Berhad","NORTHERN",14,MISMATCH,"KISARAN RESOURCES BHD","NORTHERN"
KITACON,0169,"Kumpulan Kitacon Berhad","SMTRACK",15,MISMATCH,"KUMPULAN KITACON BHD","SMTRACK"
KJTS,0293,"KJTS Group Berhad","KJTS",50,MISMATCH,"KJTS BHD","KJTS"
KKB,9466,"KKB Engineering Berhad","KKB",16,MISMATCH,"KKB ENGINEERING BHD","KKB"
KLCC,5235,"KLCC Property Holdings Berhad",,0,NOT_FOUND,"KLCC PROPERTY BHD",
KLK,2445,"Kuala Lumpur Kepong Berhad","KLK",13,MISMATCH,"KUALA LUMPUR KEPONG BHD","KLK"
KLUANG,2453,"Kluang Rubber Company (Malaya) Berhad","KLUANG",19,MISMATCH,"KLUANG RUBBER COMPANY MALAYA BHD","KLUANG"
KMAK,0301,"K Ma K Berhad","ZANTAT",10,MISMATCH,"K MA K BHD","ZANTAT"
KMLOONG,5027,"Kim Loong Resources","KMLOONG",37,MISMATCH,"KIM LOONG RESOURCES","KMLOONG"
KOBAY,0081,"Kobay Technology Bhd","REKATECH",25,MISMATCH,"KOBAY TECHNOLOGY BHD","REKATECH"
KOMARK,7071,"Komarkcorp Berhad","OCR",21,MISMATCH,"KOMARKCORP BHD","OCR"
KOPI,0338,"Oriental Kopi Holdings Berhad","KOPI",24,MISMATCH,"ORIENTAL KOPI BHD","KOPI"
KOSSAN,7153,"Kossan Rubber Industries","KOSSAN",25,MISMATCH,"KOSSAN RUBBER INDUSTRIES","KOSSAN"
KOTRA,0002,"Kotra Industries Berhad","KOTRA",25,MISMATCH,"KOTRA INDUSTRIES BHD","KOTRA"
KPJ,5878,"KPJ Healthcare Berhad","KPJ",17,MISMATCH,"KPJ HEALTHCARE BHD","KPJ"
KPOWER,7130,"Kpower Berhad","RENEUCO",10,MISMATCH,"KPOWER BHD","RENEUCO"
KPPROP,7077,"Kerjaya Prospek Property Berhad","KPPROP",21,MISMATCH,"KERJAYA PROSPEK PROPERTY BHD","KPPROP"
KPS,5843,"Kumpulan Perangsang Selangor Berhad","KPS",9,MISMATCH,"KUMPULAN PERANGSANG SELANGOR BHD","KPS"
KRETAM,1996,"Kretam Holdings Berhad","KRETAM",60,MISMATCH,"KRETAM BHD","KRETAM"
KRONO,0176,"Kronologi Asia","KRONO",36,MISMATCH,"KRONOLOGI ASIA","KRONO"
KRONOS,0352,"Kronos Global Berhad","WTEC",0,MISMATCH,"KRONOS GLOBAL BHD","WTEC"
KSENG,3476,"Keck Seng (Malaysia) Berhad","KSENG",38,MISMATCH,"KECK SENG BHD","KSENG"
KSL,5038,"KSL Holdings Berhad","KSL",43,MISMATCH,"KSL BHD","KSL"
KTC,0180,"Kim Teck Cheong Consolidated Berhad","KTC",9,MISMATCH,"KIM TECK CHEONG CONSOLIDATED BHD","KTC"
KTI,0243,"KTI Landmark Berhad","CENGILD",13,MISMATCH,"KTI LANDMARK BHD","CENGILD"
KUANTAN,8303,"Kuantan Flour Mills Berhad","LOTUS",13,MISMATCH,"KUANTAN FLOUR MILLS BHD","LOTUS"
KUCHIN,0316,"Kuching Resources Berhad","SCB",14,MISMATCH,"KUCHING RESOURCES BHD","SCB"
KUNRONG,0350,"Kunrong Holdings Berhad","MSB",9,MISMATCH,"KUNRONG BHD","MSB"
KYM,8362,"KYM Holdings","KYM",100,MATCH,"KYM","KYM"
L&G,3174,"Land & General Berhad","L&G",19,MISMATCH,"LAND GENERAL BHD","L G"
LACMED,5341,"LAC Med Berhad","LACMED",55,MISMATCH,"LAC MED BHD","LACMED"
LAGANG,0367,"Lagang Holdings Berhad","ENPRO",10,MISMATCH,"LAGANG BHD","ENPRO"
LAGENDA,7179,"Lagenda Properties Berhad","LAGENDA",32,MISMATCH,"LAGENDA PROPERTIES BHD","LAGENDA"
LAMBO,0018,"Lambo Group Berhad","LAMBO",56,MISMATCH,"LAMBO BHD","LAMBO"
LAMS,0341,"LAM Soon (M) Berhad","COLFORM",8,MISMATCH,"LAM SOON BHD","COLFORM"
LANDMRK,1643,"Landmark Properties Berhad","LANDMRK",30,MISMATCH,"LANDMARK PROPERTIES BHD","LANDMRK"
LATITUDE,7006,"Latitude Tree Holdings Berhad","RKI",6,MISMATCH,"LATITUDE TREE BHD","RKI"
LAYHONG,9385,"Lay Hong Berhad","LAYHONG",58,MISMATCH,"LAY HONG BHD","LAYHONG"
LBALUM,9326,"LB Aluminium","LBALUM",50,MISMATCH,"LB ALUMINIUM","LBALUM"
LBS,5789,"LBS Bina Group Berhad","LBS",25,MISMATCH,"LBS BINA BHD","LBS"
LCTH,5009,"LCTH Corporation Berhad","WTHORSE",31,MISMATCH,"LCTH CORP BHD","WTHORSE"
LCTITAN,5284,"Lotte Chemical Titan Holding Berhad","LCTITAN",29,MISMATCH,"LOTTE CHEMICAL TITAN BHD","LCTITAN"
LDMD,0289,"LDMD Holdings Berhad","PLYTEC",0,MISMATCH,"LDMD BHD","PLYTEC"
LECHANG,0342,"Lechang Berhad","RTECH",18,MISMATCH,"LECHANG BHD","RTECH"
LEFORM,0266,"Leform Berhad","LEFORM",60,MISMATCH,"LEFORM BHD","LEFORM"
LEGEND,0313,"Legend Holdings Berhad","BWYS",0,MISMATCH,"LEGEND BHD","BWYS"
LFG,5255,"Lianson Fleet Group Berhad","LFG",12,MISMATCH,"LIANSON FLEET BHD","LFG"
LGMS,0249,"LGMS Berhad","LGMS",50,MISMATCH,"LGMS BHD","LGMS"
LHI,6633,"Leong Hup International Berhad","LHI",17,MISMATCH,"LEONG HUP INTL BHD","LHI"
LIBERTY,0312,"Liberty Resources Berhad","OFB",10,MISMATCH,"LIBERTY RESOURCES BHD","OFB"
LIIHEN,7089,"Lii Hen Industries Berhad","LIIHEN",27,MISMATCH,"LII HEN INDUSTRIES BHD","LIIHEN"
LIMKOKW,0319,"Limkokwing Holdings Berhad","VTC",0,MISMATCH,"LIMKOKWING BHD","VTC"
LIONIND,4235,"Lion Industries Corporation Berhad","LIONIND",29,MISMATCH,"LION INDUSTRIES CORP BHD","LIONIND"
LKL,0182,"LKL International Bhd","LKL",25,MISMATCH,"LKL INTL BHD","LKL"
LPI,8621,"LPI Capital Bhd","LPI",20,MISMATCH,"LPI CAPITAL BHD","LPI"
LSH,0351,"Lim Seong Hai Capital Berhad","LSH",12,MISMATCH,"LIM SEONG HAI CAPITAL BHD","LSH"
LTKM,7085,"LTKM Berhad","LTKM",50,MISMATCH,"LTKM BHD","LTKM"
LUBSKY,0327,"Lubosky Holdings Berhad","OBHB",27,MISMATCH,"LUBOSKY BHD","OBHB"
LUXCHEM,5143,"Luxchem Corporation Berhad","LUXCHEM",44,MISMATCH,"LUXCHEM CORP BHD","LUXCHEM"
LWSABAH,5328,"Life Water Berhad","LWSABAH",21,MISMATCH,"LIFE WATER BHD","LWSABAH"
LYC,0075,"LYC Healthcare Berhad","LYC",17,MISMATCH,"LYC HEALTHCARE BHD","LYC"
M&A,7082,"M & A Equity Holdings Berhad","M&A",21,MISMATCH,"M A EQUITY BHD","M A"
M&G,5078,"M&G Berhad","M&G",43,MISMATCH,"M G BHD","M G"
MAG,0095,"MAG Holdings Berhad","MAG",43,MISMATCH,"MAG BHD","MAG"
MAGMA,7243,"Magma Group Berhad","MAGMA",56,MISMATCH,"MAGMA BHD","MAGMA"
MAGNA,7617,"Magna Prima Berhad","MAGNA",33,MISMATCH,"MAGNA PRIMA BHD","MAGNA"
MAGNI,7087,"Magni-Tech Industries","MAGNI",24,MISMATCH,"MAGNI TECH INDUSTRIES","MAGNI"
MAGNUM,3859,"Magnum Berhad","MAGNUM",60,MISMATCH,"MAGNUM BHD","MAGNUM"
MAHSING,8583,"Mah Sing Group Berhad","MAHSING",58,MISMATCH,"MAH SING BHD","MAHSING"
MALAKOF,5264,"Malakoff Corporation Berhad","MALAKOF",41,MISMATCH,"MALAKOFF CORP BHD","MALAKOF"
MALTON,6181,"Malton Berhad","MALTON",60,MISMATCH,"MALTON BHD","MALTON"
MANULFE,1058,"Manulife Holdings Berhad","MANULFE",58,MISMATCH,"MANULIFE BHD","MANULFE"
MASDEC,0343,"Masteel Industrial Berhad","TECHSTORE",18,MISMATCH,"MASTEEL INDUSTRIAL BHD","TECHSTORE"
MASMALL,0331,"Masterskill Holdings Berhad","CRPMATE",7,MISMATCH,"MASTERSKILL BHD","CRPMATE"
MATRIX,5236,"Matrix Concepts Holdings Berhad","MATRIX",32,MISMATCH,"MATRIX CONCEPTS BHD","MATRIX"
MAXIM,4022,"Maxim Global Berhad","MAXIM",31,MISMATCH,"MAXIM GLOBAL BHD","MAXIM"
MAXIS,6012,"Maxis Berhad","MAXIS",56,MISMATCH,"MAXIS BHD","MAXIS"
MAYBANK,1155,"Malayan Banking Berhad","MAYBANK",37,MISMATCH,"MALAYAN BANKING BHD","MAYBANK"
MAYBULK,5077,"Maybulk Berhad","MAYBULK",64,MISMATCH,"MAYBULK BHD","MAYBULK"
MBMR,5983,"MBM Resources Berhad","MBMR",24,MISMATCH,"MBM RESOURCES BHD","MBMR"
MBRIGHT,0102,"Meta Bright Group Berhad","WAJA",7,MISMATCH,"META BRIGHT BHD","WAJA"
MBSB,1171,"MBSB Berhad","MBSB",50,MISMATCH,"MBSB BHD","MBSB"
MCEHLDG,7004,"MCE Holdings","MCEHLDG",43,MISMATCH,"MCE","MCEHLDG"
MCEMENT,3794,"Malayan Cement Berhad","MCEMENT",39,MISMATCH,"MALAYAN CEMENT BHD","MCEMENT"
MEDIA,4502,"Media Prima Berhad","MEDIA",33,MISMATCH,"MEDIA PRIMA BHD","MEDIA"
MEDIAC,0347,"Media Concept Berhad","DENGKIL",12,MISMATCH,"MEDIA CONCEPT BHD","DENGKIL"
MEGAFB,5327,"Mega Fortris Berhad","MEGAFB",38,MISMATCH,"MEGA FORTRIS BHD","MEGAFB"
MENANG,1694,"Menang Corporation (M) Berhad","MENANG",40,MISMATCH,"MENANG CORP BHD","MENANG"
MERC,8192,"Mercury Securities Group Berhad","MERCURY",32,MISMATCH,"MERCURY SECURITIES BHD","MERCURY"
MERSEC,0285,"Meridian Securities","MERSEC",32,MISMATCH,"MERIDIAN SECURITIES","MERSEC"
METECH,0315,"Mah Tek Holdings Berhad","KUCINGKO",9,MISMATCH,"MAH TEK BHD","KUCINGKO"
MFCB,3069,"Mega First Corporation Berhad","MFCB",21,MISMATCH,"MEGA FIRST CORP BHD","MFCB"
MFLOUR,3662,"Malayan Flour Mills Berhad","MFLOUR",26,MISMATCH,"MALAYAN FLOUR MILLS BHD","MFLOUR"
MGRC,0155,"MGR Corporation Berhad","MGRC",33,MISMATCH,"MGR CORP BHD","MGRC"
MHB,5186,"Malaysia Marine and Heavy Engineering Holdings Berhad","MHB",7,MISMATCH,"MALAYSIA MARINE AND HEAVY ENGINEERING BHD","MHB"
MHC,5026,"MHC Plantations Bhd","MHC",16,MISMATCH,"MHC PLANTATIONS BHD","MHC"
MI,5286,"Mi Technovation Berhad","MI",11,MISMATCH,"MI TECHNOVATION BHD","MI"
MIECO,5001,"Mieco Chipboard Berhad","MIECO",26,MISMATCH,"MIECO CHIPBOARD BHD","MIECO"
MIKROMB,0112,"Mikro MSC Berhad","MIKROMB",54,MISMATCH,"MIKRO MSC BHD","MIKROMB"
MINDA,0337,"Minda Global Berhad","SET",0,MISMATCH,"MINDA GLOBAL BHD","SET"
MISC,3816,"MISC Berhad","MISC",50,MISMATCH,"MISC BHD","MISC"
MITRA,9571,"Mitrajaya Holdings Berhad","MITRA",38,MISMATCH,"MITRAJAYA BHD","MITRA"
MKH,6114,"MKH Berhad","MKH",43,MISMATCH,"MKH BHD","MKH"
MKHOP,5319,"MKH Oil Palm (East Kalimantan) Berhad","MKHOP",16,MISMATCH,"MKH OIL PALM EAST KALIMANTAN BHD","MKHOP"
MLAB,0085,"MLabs Systems Berhad","MLAB",24,MISMATCH,"MLABS SYSTEMS BHD","MLAB"
MMAG,0034,"MMedia Berhad","MMAG",30,MISMATCH,"MMEDIA BHD","MMAG"
MNC,0103,"MN Holdings Corporation Berhad","MNC",27,MISMATCH,"MN CORP BHD","MNC"
MNHLDG,0245,"MN Holdings Berhad","MNHLDG",33,MISMATCH,"MN BHD","MNHLDG"
MNRB,6459,"MNRB Holdings Berhad","MNRB",50,MISMATCH,"MNRB BHD","MNRB"
MOBILIA,0333,"Mobilia Holdings Berhad","VANZO",9,MISMATCH,"MOBILIA BHD","VANZO"
MPAY,0156,"Mobipay Berhad","MPAY",36,MISMATCH,"MOBIPAY BHD","MPAY"
MPI,3867,"Malaysian Pacific Industries Berhad","MPI",9,MISMATCH,"MALAYSIAN PACIFIC INDUSTRIES BHD","MPI"
MQTECH,0070,"MQ Technology Berhad","MQTECH",35,MISMATCH,"MQ TECHNOLOGY BHD","MQTECH"
MRCB,1651,"Malaysian Resources Corporation Berhad","MRCB",14,MISMATCH,"MALAYSIAN RESOURCES CORP BHD","MRCB"
MRDIY,5296,"Mr D.I.Y. Group (M) Berhad","MRDIY",42,MISMATCH,"MR D I Y BHD","MRDIY"
MSC,5916,"Malaysia Smelting Corporation Berhad","MSC",12,MISMATCH,"MALAYSIA SMELTING CORP BHD","MSC"
MSM,5202,"MSM Malaysia Holdings Berhad","MSM",19,MISMATCH,"MSM MALAYSIA BHD","MSM"
MTAG,0213,"MTAG Group Berhad","MTAG",50,MISMATCH,"MTAG BHD","MTAG"
MTEC,0295,"Master Tec Group Berhad","MTEC",29,MISMATCH,"MASTER TEC BHD","MTEC"
MTOUCHE,0092,"M-Touche Technology Berhad","MTOUCHE",30,MISMATCH,"M TOUCHE TECHNOLOGY BHD","MTOUCHE"
MTRONIC,0043,"Metronic Global","MTRONIC",47,MISMATCH,"METRONIC GLOBAL","MTRONIC"
MUHIBAH,5703,"Muhibbah Engineering (M) Bhd","MUHIBAH",29,MISMATCH,"MUHIBBAH ENGINEERING BHD","MUHIBAH"
MULPHA,3905,"Mulpha International Bhd","MULPHA",40,MISMATCH,"MULPHA INTL BHD","MULPHA"
MYAXIS,03064,"MyAxis Group","MYAXIS",100,MATCH,"MYAXIS","MYAXIS"
MYNEWS,5275,"Mynews Holdings","MYNEWS",100,MATCH,"MYNEWS","MYNEWS"
MYSPEED,0335,"MySpeedNet Berhad","CARLORINO",7,MISMATCH,"MYSPEEDNET BHD","CARLORINO"
N2N,0108,"N2N Connect Berhad","N2N",20,MISMATCH,"N2N CONNECT BHD","N2N"
NADIBHD,0206,"Gagasan Nadi Cergas Berhad","NADIBHD",30,MISMATCH,"GAGASAN NADI CERGAS BHD","NADIBHD"
NAIM,5073,"Naim Holdings Berhad","NAIM",50,MISMATCH,"NAIM BHD","NAIM"
NATGATE,0270,"NationGate Holdings Berhad","NATGATE",50,MISMATCH,"NATIONGATE BHD","NATGATE"
NAZA,0332,"Naza Moto Berhad","TOPVISN",8,MISMATCH,"NAZA MOTO BHD","TOPVISN"
NCT,0056,"NCT Alliance Berhad","NCT",19,MISMATCH,"NCT ALLIANCE BHD","NCT"
NE,0272,"Northeast Group Berhad","TTVHB",23,MISMATCH,"NORTHEAST BHD","TTVHB"
NESTLE,4707,"Nestle (Malaysia) Berhad","NESTLE",60,MISMATCH,"NESTLE BHD","NESTLE"
NETX,0020,"NetX Holdings Berhad","NETX",50,MISMATCH,"NETX BHD","NETX"
NEXG,0205,"NEXG Berhad","DPIH",13,MISMATCH,"NEXG BHD","DPIH"
NEXGRAM,0096,"Nexgram Holdings","NEXGRAM",100,MATCH,"NEXGRAM","NEXGRAM"
NGGB,0235,"Nextgreen Global Berhad","NESTCON",20,MISMATCH,"NEXTGREEN GLOBAL BHD","NESTCON"
NHFATT,5085,"New Hoong Fatt Holdings Berhad","MUDAJYA",6,MISMATCH,"NEW HOONG FATT BHD","MUDAJYA"
NIHSIN,7215,"Nihsin Resources Berhad","NIHSIN",30,MISMATCH,"NIHSIN RESOURCES BHD","NIHSIN"
NOTION,0083,"Notion VTec Berhad","NOTION",40,MISMATCH,"NOTION VTEC BHD","NOTION"
NOVAMSC,0026,"Nova MSC","NOVAMSC",88,MATCH,"NOVA MSC","NOVAMSC"
NOVATECH,0017,"Novatech Solutions Berhad","NOVATECH",36,MISMATCH,"NOVATECH SOLUTIONS BHD","NOVATECH"
NSOP,2038,"Negri Sembilan Oil Palms Berhad","NSOP",14,MISMATCH,"NEGRI SEMBILAN OIL PALMS BHD","NSOP"
NTECH,0356,"NTech Solutions Berhad","PEOPLE",11,MISMATCH,"NTECH SOLUTIONS BHD","PEOPLE"
NTPM,5066,"NTPM Holdings","NTPM",100,MATCH,"NTPM","NTPM"
OCEAN,0336,"Ocean Holdings Berhad","WINSTAR",11,MISMATCH,"OCEAN BHD","WINSTAR"
OCK,0172,"OCK Group Berhad","OCK",43,MISMATCH,"OCK BHD","OCK"
OFI,7107,"Oriental Food Industries Holdings Berhad","OFI",11,MISMATCH,"ORIENTAL FOOD INDUSTRIES BHD","OFI"
OIB,5827,"Oriental Interest Berhad","OIB",14,MISMATCH,"ORIENTAL INTEREST BHD","OIB"
OMH,5298,"OM Holdings Limited","OMH",20,MISMATCH,"OM LIMITED","OMH"
OPENSYS,0040,"Opensys (M) Berhad","OPENSYS",64,MISMATCH,"OPENSYS BHD","OPENSYS"
OPERON,0321,"Operon Holdings Berhad","SDCG",0,MISMATCH,"OPERON BHD","SDCG"
OPPSTAR,0275,"Oppstar Berhad","OPPSTAR",64,MISMATCH,"OPPSTAR BHD","OPPSTAR"
OPTIMAX,0222,"Optimax Holdings Berhad","OPTIMAX",64,MISMATCH,"OPTIMAX BHD","OPTIMAX"
ORIENT,4006,"Oriental Holdings Berhad","ORIENT",50,MISMATCH,"ORIENTAL BHD","ORIENT"
ORKIM,5348,"Orkim Berhad","ORKIM",56,MISMATCH,"ORKIM BHD","ORKIM"
OSK,5053,"OSK Holdings Berhad","OSK",43,MISMATCH,"OSK BHD","OSK"
OSKVI,0053,"OSK Ventures International Berhad","OSKVI",24,MISMATCH,"OSK VENTURES INTL BHD","OSKVI"
OVERSEA,0153,"Overseas Holdings Berhad","OVERSEA",58,MISMATCH,"OVERSEAS BHD","OVERSEA"
PADINI,7052,"Padini Holdings Berhad","PADINI",60,MISMATCH,"PADINI BHD","PADINI"
PANAMY,3719,"Panasonic Manufacturing Malaysia Berhad","PANAMY",17,MISMATCH,"PANASONIC MANUFACTURING MALAYSIA BHD","PANAMY"
PANSAR,8419,"Pansar Berhad","PANSAR",60,MISMATCH,"PANSAR BHD","PANSAR"
PANTECH,5125,"Pantech Group Holdings Berhad","PANTECH",64,MISMATCH,"PANTECH BHD","PANTECH"
PARADIGM,5338,"Paradigm Real Estate Investment Trust","PARADIGM",22,MISMATCH,"PARADIGM REAL ESTATE INVESTMENT TRUST","PARADIGM"
PARAGON,9407,"Paragon Union Berhad","PARAGON",41,MISMATCH,"PARAGON UNION BHD","PARAGON"
PARAMON,1724,"Paramount Corporation Berhad","PARAMON",39,MISMATCH,"PARAMOUNT CORP BHD","PARAMON"
PARLO,0022,"Parlo Berhad","PARLO",56,MISMATCH,"PARLO BHD","PARLO"
PASUKGB,0177,"Pasukhas Group Berhad","PASUKGB",50,MISMATCH,"PASUKHAS BHD","PASUKGB"
PAVREIT,5212,"Pavilion Real Estate Investment Trust","PAVREIT",19,MISMATCH,"PAVILION REAL ESTATE INVESTMENT TRUST","PAVREIT"
PBA,5041,"PBA Holdings Bhd","PBA",43,MISMATCH,"PBA BHD","PBA"
PBBANK,1295,"Public Bank Berhad","PBBANK",40,MISMATCH,"PUBLIC BANK BHD","PBBANK"
PCCS,6068,"PCCS Group Berhad","PCCS",50,MISMATCH,"PCCS BHD","PCCS"
PCHEM,5183,"PETRONAS Chemicals Group Berhad","PCHEM",23,MISMATCH,"PETRONAS CHEMICALS BHD","PCHEM"
PECCA,5271,"Pecca Group Berhad","PECCA",56,MISMATCH,"PECCA BHD","PECCA"
PEKAT,0219,"Pekat Group Berhad","RL",0,MISMATCH,"PEKAT BHD","RL"
PENTA,7160,"Pentamaster Corporation Berhad","PENTA",25,MISMATCH,"PENTAMASTER CORP BHD","PENTA"
PERDANA,7108,"Perdana Petroleum Berhad","PERDANA",33,MISMATCH,"PERDANA PETROLEUM BHD","PERDANA"
PESTEC,5219,"Pestec International Berhad","PESTEC",40,MISMATCH,"PESTEC INTL BHD","PESTEC"
PETDAG,5681,"PETRONAS Dagangan Berhad","PETDAG",29,MISMATCH,"PETRONAS DAGANGAN BHD","PETDAG"
PETGAS,6033,"PETRONAS Gas Berhad","PETGAS",38,MISMATCH,"PETRONAS GAS BHD","PETGAS"
PETRONM,3042,"Petron Malaysia Refining & Marketing Bhd","PETRONM",18,MISMATCH,"PETRON MALAYSIA REFINING MARKETING BHD","PETRONM"
PGF,8117,"PGF Capital Berhad","PGF",20,MISMATCH,"PGF CAPITAL BHD","PGF"
PGLOBAL,5331,"Pantech Global Berhad","PGLOBAL",39,MISMATCH,"PANTECH GLOBAL BHD","PGLOBAL"
PGLOBE,0281,"Paragon Globe Berhad","DAY3",6,MISMATCH,"PARAGON GLOBE BHD","DAY3"
PHARMA,7081,"Pharmaniaga Berhad","PHARMA",40,MISMATCH,"PHARMANIAGA BHD","PHARMA"
PIE,7095,"P.I.E. Industrial Berhad","PIE",15,MISMATCH,"P I E INDUSTRIAL BHD","PIE"
PINEAPP,0006,"Pineapple Resources Berhad","PINEAPP",30,MISMATCH,"PINEAPPLE RESOURCES BHD","PINEAPP"
PJBUMI,0366,"PJ Bumi Berhad","ICENTS",0,MISMATCH,"PJ BUMI BHD","ICENTS"
PLABS,0171,"PNE PCB Berhad","PLABS",18,MISMATCH,"PNE PCB BHD","PLABS"
PLENITU,5075,"Plenitude Berhad","PLENITU",54,MISMATCH,"PLENITUDE BHD","PLENITU"
PLINTAS,5320,"Prolintas Infra Business Trust","PLINTAS",23,MISMATCH,"PROLINTAS INFRA BUSINESS TRUST","PLINTAS"
PMBTECH,7172,"PMB Technology Berhad","PMBTECH",39,MISMATCH,"PMB TECHNOLOGY BHD","PMBTECH"
PMCK,0363,"PMCK Holdings","PMCK",100,MATCH,"PMCK","PMCK"
PMETAL,8869,"Press Metal Aluminium Holdings Berhad","PMETAL",24,MISMATCH,"PRESS METAL ALUMINIUM BHD","PMETAL"
PMW,0379,"PM Resources Berhad","PMW",13,MISMATCH,"PM RESOURCES BHD","PMW"
PNE,0322,"PNE PCB Berhad","KHB",9,MISMATCH,"PNE PCB BHD","KHB"
POHKONG,5080,"Poh Kong Holdings","POHKONG",88,MATCH,"POH KONG","POHKONG"
POHUAT,7088,"Poh Huat Resources","POHUAT",33,MISMATCH,"POH HUAT RESOURCES","POHUAT"
POLYMER,0381,"Polymer Link Holdings Berhad","POLYMER",44,MISMATCH,"POLYMER LINK BHD","POLYMER"
POS,4634,"Pos Malaysia Berhad","POS",19,MISMATCH,"POS MALAYSIA BHD","POS"
POWER,0355,"Power Holdings Berhad","FIBRO",11,MISMATCH,"POWER BHD","FIBRO"
PPB,4065,"PPB Group Berhad","PPB",43,MISMATCH,"PPB BHD","PPB"
PPJACK,0242,"Pappajack Berhad","PPJACK",46,MISMATCH,"PAPPAJACK BHD","PPJACK"
PREGEN,0348,"Pregen Berhad","CLITE",10,MISMATCH,"PREGEN BHD","CLITE"
PRESTAR,9873,"Prestar Resources Berhad","PRESTAR",33,MISMATCH,"PRESTAR RESOURCES BHD","PRESTAR"
PRIVA,0123,"Privasia Technology Berhad","PRIVA",22,MISMATCH,"PRIVASIA TECHNOLOGY BHD","PRIVA"
PRKCORP,8346,"Perak Corporation","PRKCORP",70,MISMATCH,"PERAK CORP","PRKCORP"
PTARAS,9598,"Pintaras Jaya Berhad","PTARAS",35,MISMATCH,"PINTARAS JAYA BHD","PTARAS"
PTRANS,0186,"Perak Transit Berhad","PTRANS",35,MISMATCH,"PERAK TRANSIT BHD","PTRANS"
PTRB,0260,"PT Resources","PTRB",25,MISMATCH,"PT RESOURCES","PTRB"
PUC,0007,"PUC Berhad","PUC",43,MISMATCH,"PUC BHD","PUC"
PWF,7134,"PWF Corporation Bhd","PWF",25,MISMATCH,"PWF CORP BHD","PWF"
PWROOT,7237,"Power Root Berhad","PWROOT",43,MISMATCH,"POWER ROOT BHD","PWROOT"
PWRWELL,0217,"Powerwell Holdings Berhad","PWRWELL",54,MISMATCH,"POWERWELL BHD","PWRWELL"
QES,0196,"QES Group Berhad","QES",43,MISMATCH,"QES BHD","QES"
QL,7084,"QL Resources Berhad","QL",13,MISMATCH,"QL RESOURCES BHD","QL"
QUALITY,7544,"Quality Concrete","QUALITY",44,MISMATCH,"QUALITY CONCRETE","QUALITY"
RADIUM,0228,"Radium Development Berhad","HPPHB",9,MISMATCH,"RADIUM DEVELOPMENT BHD","HPPHB"
RAMSSOL,0220,"Ramssol Group Berhad","OVH",18,MISMATCH,"RAMSSOL BHD","OVH"
RAMSSOL2,0236,"Ramssol Group Berhad","RAMSSOL",64,MISMATCH,"RAMSSOL BHD","RAMSSOL"
RANHILL,5272,"Ranhill Utilities Berhad","RANHILL",33,MISMATCH,"RANHILL UTILITIES BHD","RANHILL"
RCECAP,9296,"RCE Capital Berhad","RCECAP",40,MISMATCH,"RCE CAPITAL BHD","RCECAP"
REACHTEN,5332,"Reach Ten Holdings Berhad","REACHTEN",62,MISMATCH,"REACH TEN BHD","REACHTEN"
REDONE,0357,"Red One Berhad","OHM",18,MISMATCH,"RED ONE BHD","OHM"
REDTONE,0032,"REDtone Digital Berhad","REDTONE",37,MISMATCH,"REDTONE DIGITAL BHD","REDTONE"
REVENUE,0200,"Revenue Group Berhad","REVENUE",64,MISMATCH,"REVENUE BHD","REVENUE"
RGB,0037,"RGB International Bhd","RGB",25,MISMATCH,"RGB INTL BHD","RGB"
RHBBANK,1066,"RHB Bank Berhad","RHBBANK",58,MISMATCH,"RHB BANK BHD","RHBBANK"
RSAWIT,5113,"Rimbunan Sawit Berhad","RSAWIT",33,MISMATCH,"RIMBUNAN SAWIT BHD","RSAWIT"
SAB,5134,"Southern Acids (M) Berhad","SAB",17,MISMATCH,"SOUTHERN ACIDS BHD","SAB"
SAG,0360,"Signature Alliance Group Berhad","SAG",9,MISMATCH,"SIGNATURE ALLIANCE BHD","SAG"
SALCON,8567,"Salcon Berhad","SALCON",60,MISMATCH,"SALCON BHD","SALCON"
SALIRAN,0346,"Saliran Group Berhad","SALIRAN",64,MISMATCH,"SALIRAN BHD","SALIRAN"
SAM,9822,"SAM Engineering & Equipment (M) Berhad","SAM",10,MISMATCH,"SAM ENGINEERING EQUIPMENT BHD","SAM"
SAMAIDEN,0223,"Samaiden Group Berhad","SAMAIDEN",67,MISMATCH,"SAMAIDEN BHD","SAMAIDEN"
SAPIND,7811,"SAP Industry","SAPIND",50,MISMATCH,"SAP INDUSTRY","SAPIND"
SAPRES,4596,"Sarawak Plantation","SAPRES",17,MISMATCH,"SARAWAK PLANTATION","SAPRES"
SBAGAN,2569,"Sungei Bagan Rubber Company (Malaya) Berhad","SBAGAN",16,MISMATCH,"SUNGEI BAGAN RUBBER COMPANY MALAYA BHD","SBAGAN"
SBH,0300,"SB Holdings Berhad","SBH",50,MISMATCH,"SB BHD","SBH"
SCBUILD,0109,"SC Build","SCBUILD",88,MATCH,"SC BUILD","SCBUILD"
SCC,0158,"SCC Holdings Berhad","SCC",43,MISMATCH,"SCC BHD","SCC"
SCGBHD,0225,"Southern Cable Group Berhad","SCGBHD",28,MISMATCH,"SOUTHERN CABLE BHD","SCGBHD"
SCICOM,0099,"Scicom (MSC) Berhad","SCICOM",43,MISMATCH,"SCICOM MSC BHD","SCICOM"
SCIENTX,4731,"Scientex Berhad","SCIENTX",58,MISMATCH,"SCIENTEX BHD","SCIENTX"
SCIPACK,8125,"Scientex Packaging","SCIPACK",39,MISMATCH,"SCIENTEX PACKAGING","SCIPACK"
SCOMNET,0001,"Supercomnet Technologies Berhad","SCOMNET",25,MISMATCH,"SUPERCOMNET TECHNOLOGIES BHD","SCOMNET"
SCOPE,0028,"Scope Industries Berhad","SCOPE",25,MISMATCH,"SCOPE INDUSTRIES BHD","SCOPE"
SDG,5285,"SD Guthrie Berhad","SDG",21,MISMATCH,"SD GUTHRIE BHD","SDG"
SDS,0212,"SDS Group Berhad","SDS",43,MISMATCH,"SDS BHD","SDS"
SEAL,4286,"Seal Incorporated Berhad","SEAL",19,MISMATCH,"SEAL INCORPORATED BHD","SEAL"
SEDANIA,0178,"Sedania Innovator Berhad","SEDANIA",33,MISMATCH,"SEDANIA INNOVATOR BHD","SEDANIA"
SEG,9792,"SEG International Bhd","SEG",25,MISMATCH,"SEG INTL BHD","SEG"
SEM,5250,"7-Eleven Malaysia Holdings Berhad","SEM",10,MISMATCH,"7 ELEVEN MALAYSIA BHD","SEM"
SENDAI,5205,"Eversendai Corporation Berhad","SENDAI",32,MISMATCH,"EVERSENDAI CORP BHD","SENDAI"
SENFONG,5308,"Seng Fong Holdings Berhad","SENFONG",54,MISMATCH,"SENG FONG BHD","SENFONG"
SENHENG,5305,"Senheng New Retail Berhad","SENHENG",32,MISMATCH,"SENHENG NEW RETAIL BHD","SENHENG"
SENTRAL,5123,"Sentral REIT","SENTRAL",58,MISMATCH,"SENTRAL REIT","SENTRAL"
SERNKOU,7180,"Sern Kou Resources Berhad","SERNKOU",32,MISMATCH,"SERN KOU RESOURCES BHD","SERNKOU"
SERSOL,0055,"Serba Dinamik Holdings Berhad","SERSOL",18,MISMATCH,"SERBA DINAMIK BHD","SERSOL"
SFPTECH,0251,"SFP Tech Holdings Berhad","SFPTECH",58,MISMATCH,"SFP TECH BHD","SFPTECH"
SG,5157,"SG Holdings","SG",100,MATCH,"SG","SG"
SHANG,5517,"Shangri-La Hotels (Malaysia) Berhad","SHANG",24,MISMATCH,"SHANGRI LA HOTELS BHD","SHANG"
SHL,6017,"SHL Consolidated Bhd","SHL",15,MISMATCH,"SHL CONSOLIDATED BHD","SHL"
SIGN,7246,"Signature International Berhad","SIGN",22,MISMATCH,"SIGNATURE INTL BHD","SIGN"
SIME,4197,"Sime Darby Berhad","SIME",29,MISMATCH,"SIME DARBY BHD","SIME"
SIMEPROP,5288,"Sime Darby Property Berhad","SIMEPROP",35,MISMATCH,"SIME DARBY PROPERTY BHD","SIMEPROP"
SKPRES,7155,"SKP Resources Bhd","SKPRES",35,MISMATCH,"SKP RESOURCES BHD","SKPRES"
SKYWLD,0201,"SkyWorld Development Berhad","NOVA",8,MISMATCH,"SKYWORLD DEVELOPMENT BHD","NOVA"
SLP,7248,"SLP Resources Berhad","SLP",18,MISMATCH,"SLP RESOURCES BHD","SLP"
SLVEST,0207,"Solarvest Holdings Berhad","MESTRON",23,MISMATCH,"SOLARVEST BHD","MESTRON"
SMETRIC,0203,"Smart Metric Group Berhad","SMETRIC",44,MISMATCH,"SMART METRIC BHD","SMETRIC"
SMRT,0117,"SMRT Holdings Berhad","SMRT",50,MISMATCH,"SMRT BHD","SMRT"
SNS,0259,"SNS Network","SNS",27,MISMATCH,"SNS NETWORK","SNS"
SOLID,5242,"Solid Automotive","SOLID",31,MISMATCH,"SOLID AUTOMOTIVE","SOLID"
SOLUTN,0093,"Solution Engineering Holdings Berhad","SOLUTN",25,MISMATCH,"SOLUTION ENGINEERING BHD","SOLUTN"
SOP,5126,"Sarawak Oil Palms Berhad","SOP",14,MISMATCH,"SARAWAK OIL PALMS BHD","SOP"
SORENTO,0326,"Sorento Capital Berhad","SORENTO",37,MISMATCH,"SORENTO CAPITAL BHD","SORENTO"
SPRITZER,7222,"Spritzer Bhd","IMASPRO",8,MISMATCH,"SPRITZER BHD","IMASPRO"
SPSETIA,8664,"S P Setia Berhad","SPSETIA",54,MISMATCH,"S P SETIA BHD","SPSETIA"
SPTOTO,1562,"Sports Toto Berhad","SPTOTO",40,MISMATCH,"SPORTS TOTO BHD","SPTOTO"
SRIDGE,0129,"Sunridge Group Berhad","SRIDGE",50,MISMATCH,"SUNRIDGE BHD","SRIDGE"
SSB8,0045,"Southern Score Builders Berhad","SSB8",11,MISMATCH,"SOUTHERN SCORE BUILDERS BHD","SSB8"
SSF,0287,"SSF Corporation","SSF",38,MISMATCH,"SSF CORP","SSF"
SSTEEL,5665,"Southern Steel Berhad","SSTEEL",33,MISMATCH,"SOUTHERN STEEL BHD","SSTEEL"
STAR,6084,"Star Media Group Berhad","STAR",29,MISMATCH,"STAR MEDIA BHD","STAR"
STGROUP,0368,"ST Group Food Industries Holdings Berhad","OXB",9,MISMATCH,"ST FOOD INDUSTRIES BHD","OXB"
STRAITS,0080,"Straits Inter Logistics Berhad","STRAITS",26,MISMATCH,"STRAITS INTER LOGISTICS BHD","STRAITS"
SUMI,0349,"SumiSaujana Group Berhad","SUMI",27,MISMATCH,"SUMISAUJANA BHD","SUMI"
SUNCON,5263,"Sunway Construction Group Berhad","SUNCON",26,MISMATCH,"SUNWAY CONSTRUCTION BHD","SUNCON"
SUNLOGY,0345,"Sunlogy Holdings","SUNLOGY",100,MATCH,"SUNLOGY","SUNLOGY"
SUNREIT,5176,"Sunway Real Estate Investment Trust","SUNREIT",20,MISMATCH,"SUNWAY REAL ESTATE INVESTMENT TRUST","SUNREIT"
SUNSURIA,3743,"Sunsuria Berhad","SUNSURIA",67,MISMATCH,"SUNSURIA BHD","SUNSURIA"
SUNVIEW,0262,"Sunview Group Berhad","SUNVIEW",64,MISMATCH,"SUNVIEW BHD","SUNVIEW"
SUNWAY,5211,"Sunway Berhad","SUNWAY",60,MISMATCH,"SUNWAY BHD","SUNWAY"
SUNZEN,0148,"Sunzen Biotech Berhad","SUNZEN",33,MISMATCH,"SUNZEN BIOTECH BHD","SUNZEN"
SUPERLN,7235,"Superlon Holdings","SUPERLN",88,MATCH,"SUPERLON","SUPERLN"
SUPERMX,7106,"Supermax Corporation Berhad","SUPERMX",41,MISMATCH,"SUPERMAX CORP BHD","SUPERMX"
SURIA,6521,"Suria Capital Holdings Berhad","SURIA",29,MISMATCH,"SURIA CAPITAL BHD","SURIA"
SWIFT,5303,"Swift Haulage Berhad","SWIFT",29,MISMATCH,"SWIFT HAULAGE BHD","SWIFT"
SWKPLNT,5135,"Sarawak Plantation Berhad","SWKPLNT",32,MISMATCH,"SARAWAK PLANTATION BHD","SWKPLNT"
SYGROUP,5173,"Shin Yang Group Berhad","SYGROUP",15,MISMATCH,"SHIN YANG BHD","SY"
SYSTECH,0050,"Systech Berhad","SYSTECH",64,MISMATCH,"SYSTECH BHD","SYSTECH"
T7GLOBAL,7228,"T7 Global Berhad","T7GLOBAL",62,MISMATCH,"T7 GLOBAL BHD","T7GLOBAL"
TAANN,5012,"Ta Ann Holdings Berhad","TAANN",50,MISMATCH,"TA ANN BHD","TAANN"
TAGHILL,0241,"Taghill Berhad","TAGHILL",64,MISMATCH,"TAGHILL BHD","TAGHILL"
TAKAFUL,6139,"Syarikat Takaful Malaysia Keluarga Berhad","TAKAFUL",18,MISMATCH,"SYARIKAT TAKAFUL MALAYSIA KELUARGA BHD","TAKAFUL"
TALIWRK,8524,"Taliworks Corporation Berhad","TALIWRK",39,MISMATCH,"TALIWORKS CORP BHD","TALIWRK"
TAMBUN,5191,"Tambun Indah Land Berhad","TAMBUN",29,MISMATCH,"TAMBUN INDAH LAND BHD","TAMBUN"
TANCO,2429,"Tanco Holdings Berhad","TANCO",56,MISMATCH,"TANCO BHD","TANCO"
TASCO,5140,"TASCO Berhad","TASCO",56,MISMATCH,"TASCO BHD","TASCO"
TCHONG,4405,"Tan Chong Motor Holdings Berhad","TCHONG",32,MISMATCH,"TAN CHONG MOTOR BHD","TCHONG"
TCS,0221,"TCS Group Holdings Berhad","TCS",43,MISMATCH,"TCS BHD","TCS"
TDEX,0132,"Tele Dynamics Holdings Berhad","TDEX",12,MISMATCH,"TELE DYNAMICS BHD","TDEX"
TDM,2054,"TDM Berhad","TDM",43,MISMATCH,"TDM BHD","TDM"
TECGUAN,7439,"Tec Guan Holdings","TECGUAN",88,MATCH,"TEC GUAN","TECGUAN"
TECHBASE,8966,"Techbase Holdings","TECHBASE",100,MATCH,"TECHBASE","TECHBASE"
TELADAN,0106,"Teladan Group Berhad","REXIT",9,MISMATCH,"TELADAN BHD","REXIT"
TENAGA,5347,"Tenaga Nasional Berhad","TENAGA",32,MISMATCH,"TENAGA NASIONAL BHD","TENAGA"
TEOSENG,7252,"Teo Seng Capital Berhad","TEOSENG",35,MISMATCH,"TEO SENG CAPITAL BHD","TEOSENG"
TEXCYCL,0089,"Tex Cycle Technology (M) Berhad","TEXCYCL",29,MISMATCH,"TEX CYCLE TECHNOLOGY BHD","TEXCYCL"
TFP,0145,"TFP Solutions","TFP",23,MISMATCH,"TFP SOLUTIONS","TFP"
TGUAN,7034,"Thong Guan Industries Berhad","TGUAN",20,MISMATCH,"THONG GUAN INDUSTRIES BHD","TGUAN"
THMY,0375,"THMY Holdings Berhad","THMY",50,MISMATCH,"THMY BHD","THMY"
THPLANT,5112,"TH Plantations Berhad","THPLANT",39,MISMATCH,"TH PLANTATIONS BHD","THPLANT"
TIMECOM,5031,"TIME dotCom Berhad","TIMECOM",47,MISMATCH,"TIME DOTCOM BHD","TIMECOM"
TITIJYA,5239,"Titijaya Land Berhad","TITIJYA",41,MISMATCH,"TITIJAYA LAND BHD","TITIJYA"
TM,4863,"Telekom Malaysia Berhad","TM",10,MISMATCH,"TELEKOM MALAYSIA BHD","TM"
TMCLIFE,0101,"TMC Life Sciences Berhad","TMCLIFE",33,MISMATCH,"TMC LIFE SCIENCES BHD","TMCLIFE"
TMK,5330,"TMK Chemical Bhd","TMK",19,MISMATCH,"TMK CHEMICAL BHD","TMK"
TNLOGIS,8397,"Tiong Nam Logistics Holdings Berhad","TNLOGIS",30,MISMATCH,"TIONG NAM LOGISTICS BHD","TNLOGIS"
TOMEI,7230,"Tomei Consolidated Berhad","TOMEI",23,MISMATCH,"TOMEI CONSOLIDATED BHD","TOMEI"
TOPGLOV,7113,"Top Glove Corporation Bhd","TOPGLOV",39,MISMATCH,"TOP GLOVE CORP BHD","TOPGLOV"
TRIVE,0118,"Trive Property","TRIVE",36,MISMATCH,"TRIVE PROPERTY","TRIVE"
TROP,5401,"Tropicana Corporation Berhad","TROP",22,MISMATCH,"TROPICANA CORP BHD","TROP"
TSH,9059,"TSH Resources Berhad","TSH",18,MISMATCH,"TSH RESOURCES BHD","TSH"
UCHITEC,7100,"Uchi Technologies Berhad","UCHITEC",33,MISMATCH,"UCHI TECHNOLOGIES BHD","UCHITEC"
UCREST,0005,"UCrest Berhad","UCREST",60,MISMATCH,"UCREST BHD","UCREST"
UEMS,5148,"UEM Sunrise Berhad","UEMS",27,MISMATCH,"UEM SUNRISE BHD","UEMS"
ULICORP,7133,"United U-LI Corporation Berhad","ULICORP",35,MISMATCH,"UNITED U LI CORP BHD","ULICORP"
UMC,0256,"United Malayan Land","UMC",11,MISMATCH,"UNITED MALAYAN LAND","UMC"
UMCCA,2593,"UMCCA Berhad","UMCCA",56,MISMATCH,"UMCCA BHD","UMCCA"
UMSINT,5340,"UMS Integration Limited","UMSINT",26,MISMATCH,"UMS INTEGRATION LIMITED","UMSINT"
UNISEM,5005,"Unisem (M) Berhad","UNISEM",60,MISMATCH,"UNISEM BHD","UNISEM"
UNITRAD,0247,"Unitrade Industries Berhad","UNITRAD",30,MISMATCH,"UNITRADE INDUSTRIES BHD","UNITRAD"
UOADEV,5200,"UOA Development Bhd","UOADEV",32,MISMATCH,"UOA DEVELOPMENT BHD","UOADEV"
UOAREIT,5110,"Uoa Real Estate Investment","UOAREIT",27,MISMATCH,"UOA REAL ESTATE INVESTMENT","UOAREIT"
UTDPLT,2089,"United Plantations Berhad","UTDPLT",27,MISMATCH,"UNITED PLANTATIONS BHD","UTDPLT"
UUE,0240,"UUE Holdings Berhad","CORAZA",0,MISMATCH,"UUE BHD","CORAZA"
UWC,5292,"UWC Berhad","UWC",43,MISMATCH,"UWC BHD","UWC"
UZMA,7250,"Uzma Berhad","UZMA",50,MISMATCH,"UZMA BHD","UZMA"
VANTNRG,5218,"Vantage Energy","VANTNRG",50,MISMATCH,"VANTAGE ENERGY","VANTNRG"
VARIA,5006,"Varia Berhad","VARIA",56,MISMATCH,"VARIA BHD","VARIA"
VELESTO,5243,"Velesto Energy Berhad","VELESTO",39,MISMATCH,"VELESTO ENERGY BHD","VELESTO"
VINVEST,0069,"VinVest Capital Holdings Berhad","VINVEST",37,MISMATCH,"VINVEST CAPITAL BHD","VINVEST"
VIS,0120,"VIS Engineering","VIS",20,MISMATCH,"VIS ENGINEERING","VIS"
VITROX,0097,"ViTrox Corporation Berhad","VITROX",40,MISMATCH,"VITROX CORP BHD","VITROX"
VLB,0273,"Vestland Berhad","VLB",25,MISMATCH,"VESTLAND BHD","VLB"
VS,6963,"VS Industry","VS",18,MISMATCH,"VS INDUSTRY","VS"
VSOLAR,0066,"VSolar Group Berhad","VSOLAR",60,MISMATCH,"VSOLAR BHD","VSOLAR"
VSTECS,5162,"VSTECS Berhad","VSTECS",60,MISMATCH,"VSTECS BHD","VSTECS"
WASCO,5142,"Wasco Berhad","WASCO",56,MISMATCH,"WASCO BHD","WASCO"
WCEHB,3565,"WCE Holdings Berhad","WCEHB",57,MISMATCH,"WCE BHD","WCEHB"
WCT,9679,"WCT Holdings Berhad","WCT",43,MISMATCH,"WCT BHD","WCT"
WELLCAL,7231,"Wellcall Holdings Berhad","WELLCAL",58,MISMATCH,"WELLCALL BHD","WELLCAL"
WELLCHIP,5325,"Well Chip Group Berhad","WELLCHIP",62,MISMATCH,"WELL CHIP BHD","WELLCHIP"
WELLS,0271,"Wellspire Holdings Berhad","WELLS",38,MISMATCH,"WELLSPIRE BHD","WELLS"
WENTEL,0298,"Wentel Engineering Holdings Berhad","WENTEL",27,MISMATCH,"WENTEL ENGINEERING BHD","WENTEL"
WESTRVR,0353,"West River Holdings Berhad","WESTRVR",50,MISMATCH,"WEST RIVER BHD","WESTRVR"
WONG,7050,"Wong Engineering","WONG",25,MISMATCH,"WONG ENGINEERING","WONG"
WPRTS,5246,"Westports Holdings Berhad","WPRTS",38,MISMATCH,"WESTPORTS BHD","WPRTS"
WTK,4243,"W T K Holdings Berhad","WTK",33,MISMATCH,"W T K BHD","WTK"
XL,7121,"XL Holdings","XL",100,MATCH,"XL","XL"
XOXNET,0140,"XOX Network Berhad","XOXNET",40,MISMATCH,"XOX NETWORK BHD","XOXNET"
XPB,0370,"XPB Holdings","XPB",100,MATCH,"XPB","XPB"
YBS,0025,"YBS International Berhad","YBS",25,MISMATCH,"YBS INTL BHD","YBS"
YEWLEE,0248,"Yew Lee Pacific Group Berhad","YEWLEE",32,MISMATCH,"YEW LEE PACIFIC BHD","YEWLEE"
YGL,0086,"YGL Convergence Berhad","YGL",16,MISMATCH,"YGL CONVERGENCE BHD","YGL"
YINSON,7293,"Yinson Holdings","YINSON",100,MATCH,"YINSON","YINSON"
YOCB,5159,"Yoong Onn Corporation Berhad","YOCB",22,MISMATCH,"YOONG ONN CORP BHD","YOCB"
YSPSAH,7178,"Y.S.P. Southeast Asia Holding Berhad","YSPSAH",25,MISMATCH,"Y S P SOUTHEAST ASIA BHD","YSPSAH"
YTL,4677,"YTL Corporation Berhad","YTL",25,MISMATCH,"YTL CORP BHD","YTL"
YTLPOWR,6742,"YTL Power International Berhad","YTLPOWR",39,MISMATCH,"YTL POWER INTL BHD","YTLPOWR"
YTLREIT,5109,"YTL Hospitality REIT","YTLREIT",35,MISMATCH,"YTL HOSPITALITY REIT","YTLREIT"
ZENTECH,0094,"Zentech Group Berhad","ZENTECH",64,MISMATCH,"ZENTECH BHD","ZENTECH"
ZETRIX,0138,"Zetrix AI Berhad","ZETRIX",46,MISMATCH,"ZETRIX AI BHD","ZETRIX"
ZHULIAN,5131,"Zhulian Corporation Berhad","ZHULIAN",44,MISMATCH,"ZHULIAN CORP BHD","ZHULIAN"
